747402513.995,747403894.995,0.005,877.00745832440214,185.22091687316575,0.68825551594143386,3.8155508875872143e-14,1.4178063628393538e-16,14.410774925754463,14.406747956182084,0.01,0.02,856.30839757847355,0.44584853258203128,73280.0,0.068346456692913407,0.04
747426624.995,747427821.995,0.005,936.52225121732886,186.60220113816735,0.64735883858491761,3.8440053434462469e-14,1.3335592074849303e-16,14.402708094178486,14.398947985471677,0.01,0.02,1034.0327819815529,0.47545399187318382,84123.0,0.068346456692913407,0.04
747485390.995,747486761.995,0.005,1086.2127023819939,135.24388494940942,0.43265710836362109,2.786024029957834e-14,8.9127364322905943e-17,14.752205905992788,14.748738084157914,0.01,0.02,1244.0706908215559,0.66514307464705857,98956.0,0.068346456692913407,0.04
775792463.995,775793690.995,0.005,911.58399463360058,166.25867993781807,0.57963873856368398,3.4249288067190522e-14,1.1940558014411891e-16,14.528039180089298,14.524260488585067,0.01,0.02,1098.6598308554001,0.54284123681724894,83371.0,0.068346456692913407,0.04
775798379.995,775799608.995,0.005,929.8660708999189,154.36761541389782,0.54199789316754043,3.1799728775262949e-14,1.1165156599251332e-16,14.608609511332002,14.604804075410515,0.01,0.02,894.00750942155105,0.56511989560362685,82012.0,0.068346456692913407,0.04
775804299.995,775805526.995,0.005,876.1705212248221,157.53279313522614,0.49908219033742252,3.2451755385856585e-14,1.0281093120950903e-16,14.586572566666501,14.583138265496858,0.01,0.02,1330.2400893200188,0.72183542408563006,100962.0,0.068346456692913407,0.04
775827980.995,775829199.995,0.005,941.9107134888086,166.6073212097848,0.56736583294122744,3.432110816921567e-14,1.1687736158589285e-16,14.525764795871249,14.522073702857082,0.01,0.02,926.32103385847438,0.54948771510051297,87157.0,0.068346456692913407,0.04
807362138.995,807363421.995,0.005,670.53683852043218,122.38169333532615,0.45658728749326216,2.5210628827077185e-14,9.4056981223612006e-17,14.860708854946388,14.856665677602047,0.01,0.02,947.86338348309027,0.87547990987489932,72791.0,0.068346456692913407,0.04
807368055.995,807369429.995,0.005,925.77932416094779,141.46041943226439,0.43898851341276329,2.9140846403046463e-14,9.0431633763029232e-17,14.703412646405031,14.700048541420827,0.01,0.02,1470.2653618800207,0.79290498982960966,105310.0,0.068346456692913407,0.04
807373976.995,807375349.995,0.005,902.15272126438424,134.19213326725097,0.4261593653323939,2.76435794530537e-14,8.7788829258473147e-17,14.760682357562935,14.757239804782266,0.01,0.02,1104.045418261554,0.81903586479432156,100258.0,0.068346456692913407,0.04
807379897.995,807381269.995,0.005,1027.4503957396921,127.91113899060039,0.38803275028595191,2.6349694632063681e-14,7.9934746558906093e-17,14.812729084630041,14.80944036821162,0.01,0.02,1109.431005667708,0.82681955302076349,109772.0,0.068346456692913407,0.04
807385807.995,807387189.995,0.005,760.50226326359291,129.45395422564309,0.45541931688727122,2.6667514570482476e-14,9.3816379278777865e-17,14.799711698295852,14.795898778766096,0.01,0.02,1168.6724671354011,0.82071413783367964,81968.0,0.068346456692913407,0.04
807391727.995,807393109.995,0.005,783.14527042485031,121.70419180267055,0.41483512972420633,2.5071063511350132e-14,8.5456036723186503e-17,14.866736158257668,14.863041662251305,0.01,0.02,1206.3715789784785,0.90305074125226292,87278.0,0.068346456692913407,0.04
807397641.995,807399030.995,0.005,937.31666958757569,134.35375927881384,0.41753713649759017,2.7676874411435649e-14,8.6012650118503568e-17,14.759375443263043,14.756006484928868,0.01,0.02,1308.697739695403,0.82219203460213852,104849.0,0.068346456692913407,0.04
807403562.995,807404950.995,0.005,845.74559186084844,137.76880861128581,0.45248066411928833,2.8380374573924875e-14,9.3211016808573392e-17,14.732122743105581,14.728562651037674,0.01,0.02,1233.2995160092482,0.79562992529291876,93938.0,0.068346456692913407,0.04
807409475.995,807410870.995,0.005,876.97709771469545,127.06854874354771,0.41366925833513862,2.6176121041170827e-14,8.5215867217038551e-17,14.819904825373385,14.816375972628666,0.01,0.02,1130.9733552923235,0.84672683242216717,95487.0,0.068346456692913407,0.04
807415402.995,807416790.995,0.005,702.72948060518695,127.28160739536001,0.45539477226032199,2.6220011123444162e-14,9.3811323085626324e-17,14.818085871930414,14.814208201056825,0.01,0.02,1023.2616071692451,0.87337628731452954,79142.0,0.068346456692913407,0.04
807444981.995,807446300.995,0.005,756.23060590988871,124.95231990110891,0.42726246883077429,2.5740177899628433e-14,8.8016068579139499e-17,14.838139190562572,14.834432952743141,0.01,0.02,1044.8039567938608,0.90510837305986624,86571.0,0.068346456692913407,0.04
807450893.995,807452311.995,0.005,890.17416410437181,138.94208114934972,0.44490364935042465,2.8622068716766038e-14,9.1650151766187478e-17,14.722915500790519,14.719444441025328,0.01,0.02,1055.5751316061687,0.7885457185983219,98585.0,0.068346456692913407,0.04
807456809.995,807458230.995,0.005,889.28155465889176,128.34633372185442,0.41659254270425011,2.6439344746702011e-14,8.5818063797075519e-17,14.809041331643968,14.805522905259055,0.01,0.02,1341.0112641323267,0.83161286646508437,96258.0,0.068346456692913407,0.04
807462735.995,807464150.995,0.005,776.21974102776335,125.99419525309783,0.42707066458306592,2.5954804222138153e-14,8.7976556904111574e-17,14.829123657595378,14.825449662961022,0.01,0.02,872.46515979693538,0.88995156612826132,87909.0,0.068346456692913407,0.04
807468646.995,807470071.995,0.005,717.4704751999999,135.46969072253967,0.48151372166180278,2.790675628884317e-14,9.9191826662331365e-17,14.750394651722441,14.746542351192428,0.01,0.02,867.07957239078144,0.8143681310015084,80020.0,0.068346456692913407,0.04
807474563.995,807475989.995,0.005,874.74573215868531,144.11065969647356,0.61447116783572453,2.9686795897473553e-14,1.2658106057415925e-16,14.683259734361005,14.678640122650922,0.01,0.02,581.64343986462359,0.43632616250764572,55585.0,0.068346456692913407,0.04
807492308.995,807493750.995,0.005,962.80371315395291,118.36858068917182,0.3657447539636362,2.4383927621969393e-14,7.5343419316509053e-17,14.8969088995253,14.893559276844393,0.01,0.02,1341.0112641323267,0.91905705362866141,106082.0,0.068346456692913407,0.04
807498225.995,807499669.995,0.005,919.39214521567078,126.59221051489983,0.39601691751807017,2.6077995366069365e-14,8.1579485008722453e-17,14.823982541374722,14.820591347179459,0.01,0.02,1287.1553900707875,0.87796805908228148,103472.0,0.068346456692913407,0.04
807504141.995,807505589.995,0.005,964.97039991831059,132.22563370476018,0.4021798901263855,2.7238480543180597e-14,8.2849057366035409e-17,14.776710857259095,14.773413474441448,0.01,0.02,1071.7318938246303,0.84715126385806927,109163.0,0.068346456692913407,0.04
807510062.995,807511509.995,0.005,907.52929122716967,125.61248376268948,0.40051482093762281,2.5876171655114033e-14,8.250605311315029e-17,14.832417992264745,14.828961634786006,0.01,0.02,1211.7571663846322,0.86284933482058956,99574.0,0.068346456692913407,0.04
807533734.995,807535186.995,0.005,1008.614424623574,142.02107138118325,0.43138172957493232,2.925634070452375e-14,8.8864636292436052e-17,14.699118038590438,14.695825168916777,0.01,0.02,1351.7824389446344,0.75666581723151161,109740.0,0.068346456692913407,0.04
807539643.995,807541106.995,0.005,803.26189792520245,134.41477283275637,0.47238208524883085,2.7689443203547813e-14,9.7310709561259149e-17,14.758882493994662,14.755073513771304,0.01,0.02,910.16427164001277,0.7498993850510155,81877.0,0.068346456692913407,0.04
807545555.995,807547025.995,0.005,919.90492799144818,123.39353285398276,0.40096612224565409,2.5419067767920449e-14,8.2599021182604746e-17,14.851769003500646,14.84824663379357,0.01,0.02,1211.7571663846322,0.83432276206931522,95916.0,0.068346456692913407,0.04
807551470.995,807552944.995,0.005,986.84543394844002,126.56571654976163,0.38062725914052586,2.6072537609250896e-14,7.840921538294833e-17,14.824209794438424,14.8209495068946,0.01,0.02,1400.2527256000196,0.88525251833628205,111969.0,0.068346456692913407,0.04
807557391.995,807558864.995,0.005,1143.3384813150999,162.11728225851189,0.46666543826599022,3.3396160145253449e-14,9.6133080282793984e-17,14.555426713504382,14.552305838903656,0.01,0.02,1475.6509492861746,0.65109328796179355,122159.0,0.068346456692913407,0.04
807563308.995,807564782.995,0.005,886.33844673774001,136.65583108940922,0.43335526919120837,2.8151101204418299e-14,8.9271185453388921e-17,14.740929580694411,14.737492002887764,0.01,0.02,1276.3842152584796,0.82099481911491934,100718.0,0.068346456692913407,0.04
807575136.995,807576620.995,0.005,1040.8157311224495,142.60089287192361,0.42517944530767043,2.937578393161626e-14,8.7586965733380109e-17,14.694694388031287,14.691461968725511,0.01,0.02,1265.6130404461715,0.75788598337069413,113752.0,0.068346456692913407,0.04
807581056.995,807582539.995,0.005,736.34602080936304,130.54067647539458,0.49657090215777738,2.6891379353931281e-14,1.0229360584450214e-16,14.790635352687323,14.786513096141981,0.01,0.02,947.86338348309027,0.71895445629116317,70056.0,0.068346456692913407,0.04
807586973.995,807588458.995,0.005,990.31489407445849,131.33468961811081,0.39854253473111706,2.7054946061330829e-14,8.2099762154610107e-17,14.784051369850321,14.780761630932481,0.01,0.02,1244.0706908215559,0.83494291557729261,109839.0,0.068346456692913407,0.04
807592884.995,807594378.995,0.005,844.56058091738385,120.43441988976237,0.39504071017234266,2.4809490497291046e-14,8.1378386295502579e-17,14.87812343734908,14.874567908159861,0.01,0.02,1114.8165930738619,0.91376834941104446,94058.0,0.068346456692913407,0.04
807622491.995,807623972.995,0.005,862.12737659843731,140.67961790042574,0.45660275614414925,2.8980001287487703e-14,9.4060167765694739e-17,14.709422049849245,14.705903790691949,0.01,0.02,1130.9733552923235,0.78267720701457377,96057.0,0.068346456692913407,0.04
807628379.995,807629891.995,0.005,953.52182455631169,134.85202968124651,0.4127255096457812,2.7779518114336781e-14,8.5021454987030925e-17,14.755356281301143,14.752038372883213,0.01,0.02,1200.9859915723246,0.8302410922991823,107957.0,0.068346456692913407,0.04
807634299.995,807635711.995,0.005,740.96113674463777,116.71609034178235,0.42717647775272655,2.4043514610407163e-14,8.799835441706167e-17,14.912173171262946,14.908206672002976,0.01,0.02,867.07957239078144,0.86321830378925313,75520.0,0.068346456692913407,0.04
807640214.995,807641728.995,0.005,852.27379759294183,143.37671071052304,0.47457153027156751,2.9535602406367745e-14,9.7761735235942904e-17,14.688803468102313,14.685215656512348,0.01,0.02,1055.5751316061687,0.74695788099311777,92331.0,0.068346456692913407,0.04
807646136.995,807647648.995,0.005,943.14286116950109,139.18650532492487,0.42990594680443939,2.867242009693452e-14,8.856062504171451e-17,14.72100717307474,14.71765882344682,0.01,0.02,1260.2274530400177,0.79849599757475231,106081.0,0.068346456692913407,0.04
807652041.995,807653565.995,0.005,912.71738206692874,137.97457490887544,0.42830420314279294,2.8422762431228342e-14,8.8230665847415348e-17,14.730502338237631,14.72713718854467,0.01,0.02,1184.829229353863,0.82405855154697716,104960.0,0.068346456692913407,0.04
807663872.995,807665402.995,0.005,1025.8563689159669,133.29078439734081,0.39781503499683429,2.7457901585852208e-14,8.1949897209347859e-17,14.767999690676458,14.764764066264116,0.01,0.02,1238.685103415402,0.82101516501143368,113502.0,0.068346456692913407,0.04
807669831.995,807671321.995,0.005,889.6791337248327,127.49023798148458,0.40317439189162579,2.6262989024185824e-14,8.3053924729674917e-17,14.816307670488467,14.812879562250838,0.01,0.02,1206.3715789784785,0.88157171556388647,101199.0,0.068346456692913407,0.04
807705290.995,807706832.995,0.005,1006.3242357191032,133.09420136508348,0.40283898242341371,2.7417405481207195e-14,8.2984830379223224e-17,14.769602163529781,14.76632090644129,0.01,0.02,1244.0706908215559,0.81500115076133295,110402.0,0.068346456692913407,0.04
807711202.995,807712749.995,0.005,905.98569897423613,134.08390228030089,0.42610668306848565,2.7621283869741983e-14,8.7777976712108038e-17,14.761558397848411,14.75811349592286,0.01,0.02,1179.443641947709,0.81511447780687196,100198.0,0.068346456692913407,0.04
807717114.995,807718668.995,0.005,896.87118600992846,127.23582264594958,0.41409489242468589,2.6210579465065613e-14,8.5303547839485295e-17,14.818476494769794,14.814948653532808,0.01,0.02,1281.7698026646335,0.82733154351814875,95692.0,0.068346456692913407,0.04
807723033.995,807724587.995,0.005,954.56022814855612,133.10419623487905,0.4121494082314715,2.7419464424385085e-14,8.4902778095683133e-17,14.769520631919509,14.766163907133267,0.01,0.02,1179.443641947709,0.82087882039272253,105477.0,0.068346456692913407,0.04
807728945.995,807730505.995,0.005,1226.8083162428577,127.97130990764092,0.354704099803694,2.6362089840974029e-14,7.3069044559560957e-17,14.812218461532678,14.809213238355746,0.01,0.02,1486.4221240984825,0.82909345660371936,131651.0,0.068346456692913407,0.04
807734864.995,807736422.995,0.005,932.96279463157907,127.88609549451765,0.42504812310994106,2.6344535671870636e-14,8.7559913360647854e-17,14.812941679817259,14.809339060514709,0.01,0.02,1195.6004041661706,0.75872221032491871,91721.0,0.068346456692913407,0.04
807740780.995,807742239.995,0.005,902.31960655008277,120.93415312089969,0.39125875606858646,2.4912435542905335e-14,8.0599303750128802e-17,14.873627580823298,14.8701205641551,0.01,0.02,1346.3968515384804,0.87550863479810626,96883.0,0.068346456692913407,0.04
807746691.995,807748258.995,0.005,870.72533170863323,125.86528496478748,0.41334557688137091,2.592824870274622e-14,8.5149188837562401e-17,14.830235091473391,14.826675341407526,0.01,0.02,1249.4562782277098,0.84605421723323537,93972.0,0.068346456692913407,0.04
807752608.995,807754177.995,0.005,980.95531548320162,132.51858084636081,0.40341076126887182,2.7298827654350324e-14,8.310261682138759e-17,14.774308059161553,14.771007900470153,0.01,0.02,1281.7698026646335,0.83010416557441358,109191.0,0.068346456692913407,0.04
807799937.995,807801519.995,0.005,1009.7048737496835,138.48912330443426,0.41643462004091197,2.8528759400713454e-14,8.5785531728427869e-17,14.726460834989007,14.723200942033939,0.01,0.02,1179.443641947709,0.79091089689974858,111775.0,0.068346456692913407,0.04
807805845.995,807807436.995,0.005,924.70851027475965,128.06238796609492,0.40824768010694718,2.6380851921015553e-14,8.4099022102031116e-17,14.811446010480221,14.80799031768289,0.01,0.02,1324.8545019138646,0.83093928173049469,99725.0,0.068346456692913407,0.04
807823597.995,807825188.995,0.005,1030.6374029541173,133.0449572560471,0.39059204696784205,2.7407261194745701e-14,8.0461961675375466e-17,14.770003954178996,14.766821130520649,0.01,0.02,1416.4094878184815,0.84614681991743557,117441.0,0.068346456692913407,0.04
807829531.995,807831107.995,0.005,767.89026858883267,128.38718214553558,0.43995297435485237,2.6447759521980328e-14,9.0630312717099586e-17,14.80869583243852,14.804981627540737,0.01,0.02,990.94808273232172,0.86379360980317677,86150.0,0.068346456692913407,0.04
807882755.995,807884362.995,0.005,907.92141860823153,117.503968148957,0.37679216131666876,2.420581743868514e-14,7.7619185231233759e-17,14.904868667180693,14.901392679224191,0.01,0.02,1206.3715789784785,0.91159210031276616,98459.0,0.068346456692913407,0.04
807888666.995,807890279.995,0.005,992.44493640386167,120.00378382213988,0.36265122281043388,2.4720779467360813e-14,7.4706151898949374e-17,14.882012650148262,14.878736505017537,0.01,0.02,1405.6383130061736,0.9194121260692264,110905.0,0.068346456692913407,0.04
807894574.995,807896198.995,0.005,976.29041346657334,128.90033368071198,0.39945987777370184,2.6553468738226667e-14,8.2288734821382572e-17,14.804364895997709,14.801005421296345,0.01,0.02,1276.3842152584796,0.82742509251806606,105403.0,0.068346456692913407,0.04
807900495.995,807902114.995,0.005,988.97895341639492,116.17173538370997,0.35824358509643262,2.3931377489044252e-14,7.3798178529865116e-17,14.917248807662036,14.913905829817393,0.01,0.02,1432.5662500369433,0.91528550075758819,106591.0,0.068346456692913407,0.04
807906405.995,807908031.995,0.005,1017.3892917800034,130.04045580421092,0.39483250966006189,2.6788333895667449e-14,8.1335496989972746e-17,14.794803792324068,14.791512243774449,0.01,0.02,1335.6256767261727,0.81990873282827159,109811.0,0.068346456692913407,0.04
807912319.995,807913948.995,0.005,1119.0157510086817,141.2788399785461,0.40954028126281417,2.9103441035580494e-14,8.4365297940139715e-17,14.70480719921285,14.701664411007414,0.01,0.02,1287.1553900707875,0.75274464091533067,120291.0,0.068346456692913407,0.04
807918235.995,807919866.995,0.005,1040.576493362179,126.71306229158618,0.38531540659410524,2.6102890832066755e-14,7.9374973758385678e-17,14.822946533258035,14.819649982018298,0.01,0.02,1454.1085996615591,0.82019029670078358,109600.0,0.068346456692913407,0.04
807924287.995,807925782.995,0.005,862.71447184481622,131.20874694687529,0.43502328586458,2.7029001871056311e-14,8.9614796888103475e-17,14.785093030081192,14.781499220383786,0.01,0.02,1082.5030686369382,0.80365693332791666,92053.0,0.068346456692913407,0.04
807965560.995,807967200.995,0.005,1050.9250661024391,138.61555168852118,0.40319424627355466,2.855480364783536e-14,8.3058014732352252e-17,14.725470105522316,14.722316583769214,0.01,0.02,1104.045418261554,0.81135619252678359,119298.0,0.068346456692913407,0.04
807971470.995,807973116.995,0.005,1314.4536437457039,160.30335836101912,0.43097231446566991,3.3022491822369937e-14,8.8780296779928005e-17,14.567643447664532,14.564728384778585,0.01,0.02,1545.6635855661755,0.65659655849937393,139898.0,0.068346456692913407,0.04
807977388.995,807979032.995,0.005,1091.8689920542226,129.42748581297332,0.36784408929894791,2.6662062077472503e-14,7.5775882395583262e-17,14.799933712774864,14.796852333441596,0.01,0.02,1335.6256767261727,0.8760490404821214,125137.0,0.068346456692913407,0.04
807983304.995,807984949.995,0.005,1042.7071968402954,140.45046929123362,0.56789500204826138,2.8932796673994122e-14,1.1698637042194185e-16,14.711192013348018,14.706810817795887,0.01,0.02,683.96960058154798,0.41766177562775886,61850.0,0.068346456692913407,0.04
807989219.995,807990866.995,0.005,1022.8484744973546,135.73311408409788,0.42052687661963961,2.7961021501324164e-14,8.6628536583645756e-17,14.748285467261963,14.744926851142289,0.01,0.02,1174.0580545415548,0.75038992808916816,105354.0,0.068346456692913407,0.04
808001046.995,808002699.995,0.005,1104.4539668671675,135.99058534233487,0.38811123499285904,2.8014060580520982e-14,7.9950914408528961e-17,14.746227892225221,14.743133661469539,0.01,0.02,1373.3247885692499,0.81742665275785908,124147.0,0.068346456692913407,0.04
808006976.995,808008617.995,0.005,1014.8000751486027,126.71849980090184,0.3799586965241275,2.6104010958985778e-14,7.8271491483970268e-17,14.82289994315947,14.819649291792032,0.01,0.02,1211.7571663846322,0.86494153717053335,112438.0,0.068346456692913407,0.04
808054333.995,808055948.995,0.005,943.23737317947814,119.89746615877857,0.37185710834906704,2.4698878028708385e-14,7.6602564319907812e-17,14.882974987308931,14.879612831790865,0.01,0.02,1335.6256767261727,0.91925675383802552,105296.0,0.068346456692913407,0.04
808060214.995,808061754.995,0.005,754.78229379591869,134.64280003919018,0.46262565841141845,2.7736416808073176e-14,9.5300885632752201e-17,14.75704216331504,14.753318024498698,0.01,0.02,1109.431005667708,0.83349308031601443,85814.0,0.068346456692913407,0.04
808089779.995,808091448.995,0.005,1031.3002819217661,133.68369684279062,0.40514305820832419,2.7538841549614869e-14,8.3459469990914776e-17,14.764803882797414,14.7615184165027,0.01,0.02,1341.0112641323267,0.78972612712027257,110219.0,0.068346456692913407,0.04
808095694.995,808097364.995,0.005,1142.8698610863987,138.15089046597791,0.38576084788837711,2.8459083435991451e-14,7.9466734665005677e-17,14.729115778620134,14.726088285675445,0.01,0.02,1437.951837443097,0.81230778113252367,129692.0,0.068346456692913407,0.04
808143016.995,808144694.995,0.005,1050.3252410182192,122.91661815529918,0.36809330367716414,2.5320823339991628e-14,7.5827220557495816e-17,14.855973492839844,14.852726942344457,0.01,0.02,1357.1680263507883,0.86371600379396674,112865.0,0.068346456692913407,0.04
808148931.995,808150610.995,0.005,904.629535380584,117.84539367222008,0.42288091541494155,2.4276151096477336e-14,8.7113468575477951e-17,14.901718471157029,14.89782934763041,0.01,0.02,1012.4904323569373,0.72845994504398437,78671.0,0.068346456692913407,0.04
808154842.995,808156527.995,0.005,1020.6611398750319,124.50062685125742,0.36626923417144797,2.5647129131359028e-14,7.5451462239318282e-17,14.842071154807023,14.838881709369069,0.01,0.02,1276.3842152584796,0.90926207523625346,116819.0,0.068346456692913407,0.04
808160760.995,808162443.995,0.005,1101.0351785994401,126.58085268916039,0.35978347648435749,2.6075655653967042e-14,7.411539615577764e-17,14.824079957762269,14.820998323851892,0.01,0.02,1454.1085996615591,0.88814606079033009,125235.0,0.068346456692913407,0.04
808166687.995,808168358.995,0.005,1015.274216711977,139.4021788182649,0.41453621446124822,2.8716848836562569e-14,8.5394460179017133e-17,14.719326095699852,14.716102264384631,0.01,0.02,1265.6130404461715,0.79902662356428866,114353.0,0.068346456692913407,0.04
808172605.995,808174251.995,0.005,1017.0186558986283,141.16093874427492,0.42034817053531626,2.9079153381320634e-14,8.6591723130275141e-17,14.705713655425555,14.70248536108409,0.01,0.02,1292.5409774769412,0.78553817438893148,114067.0,0.068346456692913407,0.04
808178511.995,808180191.995,0.005,1088.4119197826533,126.9747152749503,0.37544859561188931,2.615679134663976e-14,7.7342410696049201e-17,14.82070688087445,14.817501229655603,0.01,0.02,1583.3626974092531,0.82760477931966248,115959.0,0.068346456692913407,0.04
808225833.995,808227519.995,0.005,1126.6709955668532,142.69319121062338,0.41114367423239451,2.9394797389388416e-14,8.4695596891873271e-17,14.693991873278598,14.69086802622148,0.01,0.02,1292.5409774769412,0.74923647358147083,121746.0,0.068346456692913407,0.04
808237661.995,808239352.995,0.005,967.6011052628204,116.76272478117815,0.36452866552923868,2.4053121304922699e-14,7.5092905099023168e-17,14.911739447116393,14.908355101251749,0.01,0.02,1292.5409774769412,0.90812262104098318,103892.0,0.068346456692913407,0.04
808243571.995,808245267.995,0.005,1005.5548518685986,126.10612635483216,0.3756041471272113,2.5977862029095424e-14,7.737445430820552e-17,14.828159536194802,14.824930502726172,0.01,0.02,1330.2400893200188,0.88893429621114473,114053.0,0.068346456692913407,0.04
808249486.995,808251183.995,0.005,1146.0219655661256,120.51650109468868,0.33866257041388315,2.4826399225505866e-14,6.9764489505259921e-17,14.877383713765525,14.8743369729184,0.01,0.02,1502.5788863169444,0.91689408731089361,128139.0,0.068346456692913407,0.04
808267233.995,808268931.995,0.005,1090.9251323109545,118.610875940269,0.34324698183259167,2.4433840443695412e-14,7.0708878257513877e-17,14.894688717052384,14.891551252051496,0.01,0.02,1416.4094878184815,0.92281811643208722,120825.0,0.068346456692913407,0.04
809089610.995,809091274.995,0.005,983.34047119831757,123.79853317828557,0.37176027600757078,2.5502497834726825e-14,7.6582616857559581e-17,14.848211252513305,14.844955731252465,0.01,0.02,1281.7698026646335,0.91093129282245844,112175.0,0.068346456692913407,0.04
809095527.995,809097189.995,0.005,1133.2133430814856,122.37502495224315,0.345032993009182,2.5209255140162088e-14,7.1076796559891494e-17,14.860768016590594,14.857711120830926,0.01,0.02,1448.7230122554049,0.90710980830520271,127244.0,0.068346456692913407,0.04
809101444.995,809102995.995,0.005,1016.3966034197286,132.91131164361511,0.39924211353250422,2.7379730198584711e-14,8.2243875387695872e-17,14.771095140281421,14.767838668906087,0.01,0.02,1432.5662500369433,0.82040074635064741,112261.0,0.068346456692913407,0.04
809107391.995,809109024.995,0.005,936.64014459277405,115.18129852577147,0.37305628531847823,2.3727347496308921e-14,7.6849594775606512e-17,14.92654507412202,14.923034207357716,0.01,0.02,1287.1553900707875,0.88360970988661547,96614.0,0.068346456692913407,0.04
809172463.995,809174111.995,0.005,1066.5898486196256,135.56831161348799,0.40344390183988477,2.7927072192378525e-14,8.3109443779016262e-17,14.749604531697569,14.746378238224443,0.01,0.02,1416.4094878184815,0.78089821596311682,114331.0,0.068346456692913407,0.04
809178371.995,809180029.995,0.005,907.09651762622821,136.52107061868287,0.43199542236301147,2.812334054744867e-14,8.899105700678036e-17,14.742000786444176,14.738570601299744,0.01,0.02,1265.6130404461715,0.80646940470691653,101137.0,0.068346456692913407,0.04
809190206.995,809191862.995,0.005,1158.6832085093172,135.48685007875835,0.37767662802539759,2.7910291116224221e-14,7.7801385373231898e-17,14.750257134951179,14.747234799421618,0.01,0.02,1400.2527256000196,0.81977036207554554,130093.0,0.068346456692913407,0.04
809196124.995,809197779.995,0.005,1139.6609702434184,128.12268305525214,0.35873232519151149,2.6393272709381941e-14,7.3898858989451368e-17,14.810934938057343,14.807899219381053,0.01,0.02,1411.0239004123277,0.87359336012051358,128970.0,0.068346456692913407,0.04
809202042.995,809203697.995,0.005,919.52447649753947,123.33645960566542,0.39317904448118174,2.5407310678767077e-14,8.0994883163123435e-17,14.8522713055719,14.848815638550573,0.01,0.02,1276.3842152584796,0.86765576735734118,99678.0,0.068346456692913407,0.04
809533410.995,809535068.995,0.005,1015.7154676133038,118.08236538478462,0.3579242619372251,2.4324967269265631e-14,7.3732397959068364e-17,14.899537389495535,14.896251348026603,0.01,0.02,1427.1806626307894,0.9074667096881136,110267.0,0.068346456692913407,0.04
809539327.995,809540985.995,0.005,1165.8684283412028,125.50318151766373,0.34728333830765334,2.5853655392638728e-14,7.1540367691376591e-17,14.833363161591778,14.83036293987962,0.01,0.02,1389.481550787712,0.89255975003973165,131989.0,0.068346456692913407,0.04
809604418.995,809606076.995,0.005,1060.7469957001549,134.4092324331337,0.39507242178155166,2.7688301881225539e-14,8.1384918886999642e-17,14.758927247531117,14.755740596933439,0.01,0.02,1373.3247885692499,0.81182769208874461,117119.0,0.068346456692913407,0.04
809687253.995,809688919.995,0.005,874.24966516034988,126.81278845573959,0.40487167486096082,2.6123434421882355e-14,8.3403565021357924e-17,14.822092369374957,14.818631491276834,0.01,0.02,1060.9607190123227,0.88489713520493474,99166.0,0.068346456692913407,0.04
809699245.995,809700753.995,0.005,827.53096176961003,131.42582885286382,0.42778575338161967,2.7073720743689945e-14,8.8123865196613655e-17,14.783298188425736,14.779769900132768,0.01,0.02,1071.7318938246303,0.86784834323913962,95458.0,0.068346456692913407,0.04
809770087.995,809771758.995,0.005,1071.9076257915701,139.34222864743609,0.4072259339492062,2.870449910137183e-14,8.3888542393536476e-17,14.719793119038872,14.716624696041359,0.01,0.02,1351.7824389446344,0.78388893784834113,118435.0,0.068346456692913407,0.04
809776183.995,809777675.995,0.005,902.75843335829177,132.3520441240756,0.42078937670949101,2.7264521089559573e-14,8.6682611602155146e-17,14.7756733670182,14.772226940952264,0.01,0.02,1217.1427537907864,0.82799852839571553,100148.0,0.068346456692913407,0.04
809799668.995,809801343.995,0.005,964.2595824620895,146.08915294676115,0.44258340837208276,3.0094365507032797e-14,9.1172182124649048e-17,14.668455072591534,14.665170760267419,0.01,0.02,1206.3715789784785,0.77345268162759995,110161.0,0.068346456692913407,0.04
809876578.995,809878263.995,0.005,1036.1059223932182,126.56246429291681,0.36885955279393695,2.6071867644340863e-14,7.5985067875551006e-17,14.824237694081933,14.82107797599549,0.01,0.02,1184.829229353863,0.89779812788891211,118915.0,0.068346456692913407,0.04
809882495.995,809884181.995,0.005,1136.0442546405689,136.03195644173121,0.37967368476956681,2.8022583026996627e-14,7.8212779062530764e-17,14.745897639441779,14.742871503003041,0.01,0.02,1351.7824389446344,0.83066268244631214,129721.0,0.068346456692913407,0.04
809941672.995,809943349.995,0.005,977.34656186046561,128.35499325457332,0.39315243102573294,2.6441128610442102e-14,8.0989400791300983e-17,14.808968079446144,14.805647543082195,0.01,0.02,1287.1553900707875,0.84965427683275352,107874.0,0.068346456692913407,0.04
809959410.995,809961099.995,0.005,1193.0360679201553,142.46765535482402,0.38806124397978631,2.9348337003093747e-14,7.9940616259835972e-17,14.695709307478422,14.692755939871965,0.01,0.02,1507.9644737230983,0.79297986577849255,136290.0,0.068346456692913407,0.04
809965327.995,809967016.995,0.005,1158.6027767850796,129.20704540050698,0.35830373506592939,2.6616651352504437e-14,7.381056942358145e-17,14.801784511225019,14.798777825857591,0.01,0.02,1357.1680263507883,0.86865827199121237,131395.0,0.068346456692913407,0.04
810024832.995,810026183.995,0.005,930.3835109660572,139.43957961212777,0.43429920064613298,2.8724553400098321e-14,8.9465635333103394e-17,14.719034838059994,14.715658454061163,0.01,0.02,996.33367013847555,0.79459531461755462,104081.0,0.068346456692913407,0.04
810042233.995,810043932.995,0.005,1072.5130651623645,129.29846211693382,0.38253139843389589,2.6635483196088367e-14,7.8801468077382557e-17,14.801016601528739,14.797809177296813,0.01,0.02,1507.9644737230983,0.82386602150548183,115757.0,0.068346456692913407,0.04
810054065.995,810055765.995,0.005,928.02740247529437,127.86285316642609,0.4078615539527442,2.6339747752283775e-14,8.4019480114265309e-17,14.813139022072573,14.809681213448739,0.01,0.02,1109.431005667708,0.82824352990343686,99389.0,0.068346456692913407,0.04
810136896.995,810138596.995,0.005,1119.2452071715959,140.10400022906211,0.39748372577235913,2.8861424047186793e-14,8.188164750910598e-17,14.713873661560605,14.710797721959661,0.01,0.02,1518.735648535406,0.7922944032451037,125759.0,0.068346456692913407,0.04
810142807.995,810144512.995,0.005,1136.0233223845833,135.91976692452877,0.38012554550195737,2.7999471986452927e-14,7.8305862373403222e-17,14.746793447168407,14.74376121697404,0.01,0.02,1367.939201163096,0.82802082750412809,129221.0,0.068346456692913407,0.04
810296625.995,810298333.995,0.005,823.29886016326509,132.21424549984567,0.44591124212849359,2.7236134572968209e-14,9.1857715878469681e-17,14.776804372552082,14.773148734763293,0.01,0.02,1168.6724671354011,0.80765129424729587,89083.0,0.068346456692913407,0.04
810308458.995,810310165.995,0.005,955.411425038581,117.69270674381484,0.3699007511750052,2.4244697589225857e-14,7.6199554742051067e-17,14.903126122395546,14.89971907328129,0.01,0.02,1319.4689145077107,0.90030299345050135,102554.0,0.068346456692913407,0.04
810314374.995,810316081.995,0.005,1148.8810942565906,131.5659939618732,0.37022381115606295,2.710259475614588e-14,7.6266105098148968e-17,14.782140872230306,14.779089925086517,0.01,0.02,1341.0112641323267,0.83548734068272934,127628.0,0.068346456692913407,0.04
810367624.995,810369326.995,0.005,1147.4662297241894,139.18441150323221,0.39116363456184655,2.8671988769665838e-14,8.0579708719740391e-17,14.721023506232271,14.717976434779168,0.01,0.02,1384.0959633815578,0.79274541510882768,127993.0,0.068346456692913407,0.04
810379456.995,810381158.995,0.005,991.31876403827414,129.86498505696144,0.39864861956830255,2.6752186921734055e-14,8.2121615631070318e-17,14.796269825289588,14.792942028600457,0.01,0.02,1179.443641947709,0.82432451172693821,107301.0,0.068346456692913407,0.04
810385366.995,810387073.995,0.005,1060.2099107205627,124.43494772175738,0.35977780531663806,2.5633599230682022e-14,7.4114227895227437e-17,14.842644075817384,14.839509424512469,0.01,0.02,1405.6383130061736,0.90673790993008119,121029.0,0.068346456692913407,0.04
810397201.995,810398905.995,0.005,1138.3977819671361,131.58903583745209,0.37310489567473937,2.7107341382515128e-14,7.6859608508996302e-17,14.781950737930956,14.778876619505063,0.01,0.02,1540.2779981600215,0.830354930217442,125928.0,0.068346456692913407,0.04
810450446.995,810452150.995,0.005,1192.0835353239431,142.34650975071565,0.39799170446468485,2.9323381008647422e-14,8.1986291119725074e-17,14.696632942553325,14.693601529660905,0.01,0.02,1534.8924107538678,0.75386241841760093,129457.0,0.068346456692913407,0.04
810456368.995,810458064.995,0.005,1092.2587180471699,135.59673341949306,0.38731872160531217,2.7932927084415571e-14,7.9787656650694305e-17,14.749376931684495,14.746280053950169,0.01,0.02,1416.4094878184815,0.82753568034263436,123980.0,0.068346456692913407,0.04
810462286.995,810463981.995,0.005,1194.6360431423509,142.95123484004534,0.39918200243603658,2.9447954377049341e-14,8.2231492501823535e-17,14.692030221927947,14.689002599623766,0.01,0.02,1297.9265648830951,0.75094891265346475,129541.0,0.068346456692913407,0.04
810468207.995,810469896.995,0.005,1011.7050714843946,128.47118374105133,0.38624534807091215,2.6465063850656575e-14,7.9566541702607907e-17,14.807985685611527,14.804726344424084,0.01,0.02,1367.939201163096,0.8511875741456012,112001.0,0.068346456692913407,0.04
810474118.995,810475812.995,0.005,1033.9841512501268,141.83921899612227,0.41806243366079182,2.9218879113201187e-14,8.6120861334123116e-17,14.700509171849209,14.697313737572243,0.01,0.02,1378.7103759754038,0.78487439352685617,116488.0,0.068346456692913407,0.04
810480173.995,810481728.995,0.005,473.64871005144693,144.00248343922394,0.65333750138521096,2.966451158848013e-14,1.3458752528535346e-16,14.684075045201963,14.679160214208295,0.01,0.02,603.18578948923926,0.71225982469489679,49184.0,0.068346456692913407,0.04
810485944.995,810487644.995,0.005,1227.6116614099162,135.22291291007332,0.37758389472424531,2.7855920059475101e-14,7.7782282313194532e-17,14.752374282315655,14.74934679831127,0.01,0.02,1497.1932989107902,0.77261361699250553,129752.0,0.068346456692913407,0.04
810533276.995,810534972.995,0.005,1132.4879163254716,141.01002925659083,0.39496837955377467,2.9048066026857711e-14,8.136348618807758e-17,14.706874993257031,14.703838102807397,0.01,0.02,1502.5788863169444,0.79816332706642212,128963.0,0.068346456692913407,0.04
810539197.995,810540889.995,0.005,975.7650002478897,133.62349257321944,0.42097447905429597,2.7526439470083202e-14,8.6720742685184971e-17,14.765292952742765,14.761877769164673,0.01,0.02,1157.901292323093,0.77272692692784906,101910.0,0.068346456692913407,0.04
810545109.995,810546805.995,0.005,1313.195969331199,128.73085314040262,0.3464434402835273,2.6518555746922938e-14,7.1367348698406621e-17,14.805793381325362,14.802875347796633,0.01,0.02,1572.5915225969452,0.8167486422367638,139643.0,0.068346456692913407,0.04
810551025.995,810552720.995,0.005,1153.7833236443319,139.03044849190769,0.39090307599612278,2.8640272389332985e-14,8.0526033655201289e-17,14.722225190661749,14.7191767786861,0.01,0.02,1502.5788863169444,0.78858314518650741,128000.0,0.068346456692913407,0.04
810562859.995,810564552.995,0.005,909.65252891148464,129.39448683969238,0.41805670733808042,2.6655264288976629e-14,8.611968171164456e-17,14.80021056855985,14.796708351079976,0.01,0.02,1060.9607190123227,0.81389775392491837,96860.0,0.068346456692913407,0.04
810568776.995,810570467.995,0.005,957.45090388713345,132.24900428289811,0.40887984306433306,2.7243294882277012e-14,8.4229247671252608e-17,14.776518972826851,14.773167334791209,0.01,0.02,1147.1301175107853,0.8261986763728264,105762.0,0.068346456692913407,0.04
810574691.995,810576380.995,0.005,1016.9608746233612,135.59053353841873,0.39972611278973391,2.7931649908914258e-14,8.2343579234685182e-17,14.749426575868931,14.746230492516043,0.01,0.02,1222.5283411969403,0.83444954948555305,116285.0,0.068346456692913407,0.04
810628116.995,810629310.995,0.005,300.33420899999993,136.41706652008349,0.77609182470058369,2.8101915703137199e-14,1.5987491588832024e-16,14.742828234172382,14.736668864561386,0.01,0.02,312.36406955692746,0.75411518613205919,31209.0,0.068346456692913407,0.04
810645700.995,810647376.995,0.005,1138.4158700680189,126.49171632920768,0.35356958952476858,2.605729356381678e-14,7.2835335442102321e-17,14.824844786424169,14.821814170682373,0.01,0.02,1459.494187067713,0.88881491822834147,129449.0,0.068346456692913407,0.04
810651608.995,810653291.995,0.005,919.97115092878369,127.20367447540775,0.39396931642924959,2.6203956941933996e-14,8.1157679184425412e-17,14.818750858091954,14.815393362972316,0.01,0.02,1206.3715789784785,0.89084193023682978,105456.0,0.068346456692913407,0.04
811107256.995,811108855.995,0.005,916.47948430447605,134.81201233568581,0.42484878110382174,2.7771274541151275e-14,8.7518848907387279e-17,14.755678521380968,14.752262294696859,0.01,0.02,1152.5157049169393,0.81496149657021122,101843.0,0.068346456692913407,0.04
811130924.995,811132523.995,0.005,990.03319686518375,140.49767324790861,0.42245604938537795,2.8942520689069176e-14,8.7025946173387859e-17,14.710827169894785,14.707567417539867,0.01,0.02,1087.8886560430922,0.7951632645554918,111693.0,0.068346456692913407,0.04
811136838.995,811138441.995,0.005,1056.6580744090547,127.0058048863807,0.36724722691248224,2.6163195806594424e-14,7.5652928743971337e-17,14.820441072167004,14.817306111250183,0.01,0.02,1233.2995160092482,0.89119357100737606,120833.0,0.068346456692913407,0.04
811142757.995,811144357.995,0.005,1070.9567205953576,141.07362382792556,0.40738004239708969,2.9061166508552665e-14,8.3920288733800471e-17,14.706385443941155,14.703254668337109,0.01,0.02,1324.8545019138646,0.79373293977883952,121245.0,0.068346456692913407,0.04
811148685.995,811150274.995,0.005,954.16902461170571,119.0885567606304,0.37532749456576597,2.453224269268986e-14,7.7317463880547783e-17,14.890324919854706,14.886908421712748,0.01,0.02,1292.5409774769412,0.88598008238433201,101967.0,0.068346456692913407,0.04
811154592.995,811156191.995,0.005,1001.6981656562132,138.71719499563201,0.41747659507613694,2.8575742169100192e-14,8.6000178585684203e-17,14.724674254150544,14.721411581845508,0.01,0.02,1244.0706908215559,0.7945644943667175,111651.0,0.068346456692913407,0.04
811160514.995,811162108.995,0.005,1024.4508854131566,143.23221489539392,0.43257100792004399,2.9505836268451149e-14,8.9109627631529059e-17,14.689898230597109,14.686624175036982,0.01,0.02,1265.6130404461715,0.74719636190778027,110905.0,0.068346456692913407,0.04
811166432.995,811168026.995,0.005,1091.7292956603337,133.85544584445682,0.38623908418895381,2.7574221843958106e-14,7.9565251342924483e-17,14.763409887638552,14.760281513632354,0.01,0.02,1346.3968515384804,0.82188043708358816,121451.0,0.068346456692913407,0.04
811172682.995,811173944.995,0.005,852.23057644102357,140.15934642407512,0.45683232825869419,2.8872825363359478e-14,9.4107459621290994e-17,14.713444840815974,14.709911770505364,0.01,0.02,942.47779607693644,0.7880454983770826,95073.0,0.068346456692913407,0.04
811178538.995,811179860.995,0.005,581.94812702139643,126.54826406986641,0.50116250544716767,2.6068942398392479e-14,1.0323947612211654e-16,14.824359519785627,14.820068226883086,0.01,0.02,753.98223686154915,0.86579440282710196,64515.0,0.068346456692913407,0.04
839005068.995,839006742.995,0.005,1066.9035303915339,126.47903300232963,0.38066623489609458,2.6054680798479903e-14,7.8417244388595479e-17,14.824953658673124,14.821690806439246,0.01,0.02,1470.2653618800207,0.81809675708415464,111865.0,0.068346456692913407,0.04
839022805.995,839024489.995,0.005,1185.1762575877167,133.28736237664069,0.37204044927809798,2.745719664958798e-14,7.6640332551288187e-17,14.768027565517759,14.765001208958306,0.01,0.02,1389.481550787712,0.812504379798204,129740.0,0.068346456692913407,0.04
839082116.995,839083179.995,0.005,555.70621845235871,149.00914477769618,0.60285669870351899,3.0695883824205415e-14,1.2418847993292491e-16,14.64696769466358,14.642583917817994,0.01,0.02,700.12636280000982,0.73780141451991155,61794.0,0.068346456692913407,0.04
839087878.995,839089561.995,0.005,774.28694889839596,128.11008631715697,0.44554226342809589,2.6390677781334336e-14,9.1781706266187744e-17,14.811041690481371,14.807272259474715,0.01,0.02,1190.2148167600167,0.83349609829008775,83868.0,0.068346456692913407,0.04
839105611.995,839107308.995,0.005,1139.0040269598458,140.32352696948891,0.39697505775072173,2.8906646555714716e-14,8.1776861896648678e-17,14.712173770105132,14.709106560452826,0.01,0.02,1459.494187067713,0.78176962323631383,126409.0,0.068346456692913407,0.04
839111526.995,839113223.995,0.005,1196.8809077110868,143.24738099480408,0.40085585751281172,2.9508960484929639e-14,8.2576306647639208e-17,14.689783273836026,14.686749250494193,0.01,0.02,1707.2312077507931,0.74483363974454964,129409.0,0.068346456692913407,0.04
839152935.995,839154633.995,0.005,1129.9236401524477,136.65567112106578,0.39430570296632661,2.815106825093955e-14,8.1226974811063283e-17,14.74093085165023,14.737802583915652,0.01,0.02,3802.224708744669,0.77787971681661383,123915.0,0.068346456692913407,0.04
839359966.995,839361674.995,0.005,1143.0635873723654,127.13151855457221,0.36848964234211362,2.6189092822241876e-14,7.5908866322475404e-17,14.819366913595776,14.816224468273601,0.01,0.02,1664.1465085015618,0.81909122645203125,120694.0,0.068346456692913407,0.04
841483879.995,841485533.995,0.005,1066.2175037992738,130.0977048035769,0.37792690349463542,2.6800127189536842e-14,7.785294211989489e-17,14.794325913091308,14.791176479499299,0.01,0.02,1362.5536137569422,0.85429567663269601,119864.0,0.068346456692913407,0.04
841489791.995,841491450.995,0.005,1112.1462197683627,129.03692685674068,0.37851294563014121,2.658160693248858e-14,7.7973666799809088e-17,14.803214971631672,14.800034768577818,0.01,0.02,1631.8329840646384,0.80982400540837762,117848.0,0.068346456692913407,0.04
841495708.995,841497365.995,0.005,1144.8339612420039,141.31128842774905,0.39518821392133119,2.91101254161163e-14,8.1408772067794228e-17,14.70455785960257,14.701525750078957,0.01,0.02,1588.748284815407,0.79036260598323771,129452.0,0.068346456692913407,0.04
841501626.995,841503281.995,0.005,1157.688855858956,142.33272664041908,0.39592187297794695,2.9320541687926328e-14,8.1559905833457066e-17,14.696738077174764,14.693722116223007,0.01,0.02,1604.9050470338686,0.78432114899574223,130843.0,0.068346456692913407,0.04
841507537.995,841509196.995,0.005,1222.8569651390678,160.34975605331698,0.44869627831942871,3.3032049746983299e-14,9.2431433333802317e-17,14.567329241112764,14.564295339016565,0.01,0.02,2612.0098919846519,0.65130994169714485,130324.0,0.068346456692913407,0.04
841667295.995,841668921.995,0.005,1052.5661269862942,128.66106394565452,0.39237055648230662,2.650417917280483e-14,8.0828334635355163e-17,14.806382153950032,14.803076082692218,0.01,0.02,3295.9794925662,0.79397152620657696,110819.0,0.068346456692913407,0.04
841673212.995,841674836.995,0.005,953.49288117487743,125.05014365897887,0.39406646772532777,2.5760329593749646e-14,8.1177692351417522e-17,14.837289512527299,14.833873446834982,0.01,0.02,2612.0098919846519,0.84455468994795602,103312.0,0.068346456692913407,0.04
841679129.995,841680753.995,0.005,1006.4369230429273,123.31068753151699,0.38710323172029609,2.5402001631492498e-14,7.9743265734380994e-17,14.852498201965403,14.849095141951917,0.01,0.02,2159.6205498677223,0.81763705227000272,103632.0,0.068346456692913407,0.04
841685047.995,841686668.995,0.005,1031.5288813201728,131.12010164184855,0.38826578023629332,2.7010740938220799e-14,7.9982750728676419e-17,14.785826806951182,14.782616534102292,0.01,0.02,1744.9303195938708,0.84319816676994042,115791.0,0.068346456692913407,0.04
869693592.995,869695245.995,0.005,1323.7481876311472,141.97385727890347,0.38200840620364951,2.9246614599454114e-14,7.8693731677951799e-17,14.69947904546429,14.696561583284289,0.01,0.02,1556.4347603784836,0.73494893298344233,139681.0,0.068346456692913407,0.04
869699506.995,869701161.995,0.005,1174.7867607713424,142.53477381231747,0.40495473583926805,2.9362163405337397e-14,8.3420675582889221e-17,14.695197922779926,14.692117617468854,0.01,0.02,1287.1553900707875,0.73985876414811658,125175.0,0.068346456692913407,0.04
869740906.995,869742570.995,0.005,1090.4534144629122,141.07560430998456,0.40982247279084633,2.906157448785682e-14,8.4423429394914336e-17,14.706370201786577,14.703220727094189,0.01,0.02,1475.6509492861746,0.77028823319326079,119974.0,0.068346456692913407,0.04
869746821.995,869748486.995,0.005,1178.8592299272409,141.56551358060904,0.39218152375060605,2.9162495797605458e-14,8.0789393892624844e-17,14.702606327875873,14.699602651720244,0.01,0.02,1524.1212359415599,0.7807666628435439,131823.0,0.068346456692913407,0.04
869752735.995,869754402.995,0.005,1128.9775705434915,135.37617845303649,0.38362215419878332,2.7887492761325515e-14,7.9026163764949358e-17,14.751144374514464,14.748072021364301,0.01,0.02,1384.0959633815578,0.81479729179548444,125915.0,0.068346456692913407,0.04
869758649.995,869760317.995,0.005,1173.9718986502226,131.82133794031401,0.37437356587145343,2.7155195615704685e-14,7.7120954569519402e-17,14.780035711842277,14.776956583370435,0.01,0.02,1680.3032707200236,0.80115705564677087,125663.0,0.068346456692913407,0.04
869764568.995,869766232.995,0.005,1111.2240564256522,125.76610834423732,0.37493472727053562,2.5907818318912888e-14,7.7236553817730331e-17,14.831090943771919,14.827858955270351,0.01,0.02,1502.5788863169444,0.80510153122759176,114019.0,0.068346456692913407,0.04
869770478.995,869772148.995,0.005,1117.2014857765607,135.05172959328451,0.38507929886196646,2.7820656296216608e-14,7.9326335565565093e-17,14.753749623693,14.750658218628091,0.01,0.02,1696.4600329384855,0.81520775256826861,124695.0,0.068346456692913407,0.04
869776391.995,869778064.995,0.005,1181.6799429681491,131.93293939888341,0.37285934935924814,2.7178185516169982e-14,7.6809025968005116e-17,14.779116903984249,14.776052802434211,0.01,0.02,1599.5194596277147,0.80308830115701324,126803.0,0.068346456692913407,0.04
869782307.995,869783979.995,0.005,1134.2806622024943,142.06115305234212,0.40238409175772444,2.9264597528782476e-14,8.2891122902091238e-17,14.698811661646932,14.69574069253278,0.01,0.02,1545.6635855661755,0.77352294755716045,126189.0,0.068346456692913407,0.04
870083951.995,870085656.995,0.005,1097.9853271892753,114.32434959507805,0.3423161266562193,2.3550816016586078e-14,7.0517122091181179e-17,14.934653151733979,14.931407039317545,0.01,0.02,1411.0239004123277,0.88856148357064346,112949.0,0.068346456692913407,0.04
870089874.995,870091572.995,0.005,1088.3232283479731,133.70853681304851,0.39135252711696089,2.7543958583487992e-14,8.0618620586093941e-17,14.764602159248881,14.761428951325051,0.01,0.02,1594.1338722215608,0.80216729712776602,118324.0,0.068346456692913407,0.04
870101703.995,870103402.995,0.005,1366.0512948944749,134.57330391576662,0.35739608482793667,2.7722100606647921e-14,7.3623593474554949e-17,14.757602712686783,14.75472306644356,0.01,0.02,1744.9303195938708,0.77124493760556023,143526.0,0.068346456692913407,0.04
870119459.995,870121146.995,0.005,1189.9892913930055,141.48158216578406,0.39062146450255059,2.9145205926151518e-14,8.0468021687525421e-17,14.703250230461926,14.700256713831532,0.01,0.02,1507.9644737230983,0.77919229021954861,132694.0,0.068346456692913407,0.04
870172676.995,870174383.995,0.005,1174.7025058813297,140.60936247363125,0.39247831771635688,2.8965528669568039e-14,8.085053344956951e-17,14.709964402144283,14.706938043888035,0.01,0.02,1335.6256767261727,0.77706080784322029,129686.0,0.068346456692913407,0.04
870190421.995,870191959.995,0.005,1013.7530340178344,129.18092949081569,0.39866230402990543,2.6611271475108032e-14,8.2124434630160518e-17,14.802003987296075,14.798658481287063,0.01,0.02,1238.685103415402,0.80178124524577044,106238.0,0.068346456692913407,0.04
870196346.995,870198044.995,0.005,1177.0498057361604,118.58716071728587,0.3350166218445042,2.4428955107760888e-14,6.9013424099967859e-17,14.89490582235937,14.891842869805636,0.01,0.02,1556.4347603784836,0.89765637785490282,126854.0,0.068346456692913407,0.04
870202252.995,870203959.995,0.005,1152.1694823078076,136.96244780211617,0.38259544555812075,2.821426424723593e-14,7.8814661784972868e-17,14.738496227143132,14.735467523881713,0.01,0.02,1502.5788863169444,0.81209259349127472,129654.0,0.068346456692913407,0.04
870208171.995,870209873.995,0.005,1224.2160462136978,143.47735264809955,0.39791814980363943,2.9556334645508508e-14,8.1971138859549726e-17,14.688041613112022,14.685034614861948,0.01,0.02,1470.2653618800207,0.74018075644180514,131481.0,0.068346456692913407,0.04
870267322.995,870269026.995,0.005,1042.2398558148886,126.46601141457697,0.38648236533784536,2.6051998351402855e-14,7.9615367259596139e-17,14.825065445874266,14.821752476521265,0.01,0.02,1437.951837443097,0.81235672478293541,108513.0,0.068346456692913407,0.04
870273235.995,870274941.995,0.005,1234.5360776302134,141.95110532076515,0.38373805119280036,2.924192769607762e-14,7.9050038545716867e-17,14.69965305358606,14.696721930537004,0.01,0.02,1475.6509492861746,0.78084576844983611,138314.0,0.068346456692913407,0.04
870279156.995,870280855.995,0.005,1140.1160074897839,136.76681355773044,0.38436360648324325,2.8173963592892471e-14,7.9178902935548101e-17,14.74004817827273,14.737001151269146,0.01,0.02,1346.3968515384804,0.81198342848340677,127959.0,0.068346456692913407,0.04
870285613.995,870286772.995,0.005,821.10202477998234,133.0537088898221,0.45378802020787473,2.7409064031303353e-14,9.3480332162822194e-17,14.769932537318615,14.766235866174702,0.01,0.02,1044.8039567938608,0.78690772533578801,87015.0,0.068346456692913407,0.04
870290990.995,870292687.995,0.005,1057.2095892802424,127.18074777693529,0.38527855515671044,2.6199234042048669e-14,7.9367382362282351e-17,14.818946564624879,14.815662431220993,0.01,0.02,1389.481550787712,0.81042085287035615,110356.0,0.068346456692913407,0.04
870344219.995,870345924.995,0.005,1380.4660814855465,161.75257798540903,0.42551559050727727,3.3321031064994257e-14,8.7656211644499116e-17,14.557871972229059,14.555019522686017,0.01,0.02,1421.7950752246354,0.64713444561086175,145923.0,0.068346456692913407,0.04
870356055.995,870357754.995,0.005,1226.6084272597329,142.72583287476482,0.39650670765820906,2.9401521572201555e-14,8.1680381777591069e-17,14.693743534985032,14.690731432718678,0.01,0.02,1454.1085996615591,0.7401087941439396,131024.0,0.068346456692913407,0.04
870361970.995,870363669.995,0.005,1150.8834094536287,140.44269573499477,0.39721060662685853,2.893119532140892e-14,8.1825384965132861e-17,14.711252107593813,14.708185681017738,0.01,0.02,1502.5788863169444,0.77343915406454977,126516.0,0.068346456692913407,0.04
870367882.995,870369585.995,0.005,1220.6030549232446,141.5047938171171,0.38572770524089628,2.9149987526326125e-14,7.9459907279624636e-17,14.703072117786405,14.700116537572415,0.01,0.02,1507.9644737230983,0.77917504214646027,136088.0,0.068346456692913407,0.04
870373797.995,870375501.995,0.005,1136.6061057706238,136.95326995809285,0.38556463818075432,2.8212373611367125e-14,7.9426315465235392e-17,14.738568984687847,14.73551660544895,0.01,0.02,1475.6509492861746,0.81052801320401002,127644.0,0.068346456692913407,0.04
870379715.995,870381416.995,0.005,1113.1263229925257,129.04614040887287,0.37436219797023429,2.6583504924227811e-14,7.711861278186826e-17,14.803137450179106,14.799992294800315,0.01,0.02,1389.481550787712,0.82721155070129637,120214.0,0.068346456692913407,0.04
870432961.995,870434653.995,0.005,1115.445197696049,124.1134995106549,0.36947662996483688,2.5567380899194911e-14,7.611218577275639e-17,14.84545244705625,14.842225092780293,0.01,0.02,1518.735648535406,0.8150736168356989,114359.0,0.068346456692913407,0.04
870438870.995,870440569.995,0.005,1085.292201231817,134.77744621822455,0.38932062701569387,2.7764153920954256e-14,8.0200049165232929e-17,14.755956942396333,14.752825185739745,0.01,0.02,1314.0833271015567,0.8193240677446697,121159.0,0.068346456692913407,0.04
870456617.995,870458316.995,0.005,1193.0150733426383,124.82564977913374,0.34879533951787833,2.571408385450155e-14,7.1851839940682936e-17,14.839240411374444,14.836210812733393,0.01,0.02,1486.4221240984825,0.86003585570362406,129562.0,0.068346456692913407,0.04
870462543.995,870464231.995,0.005,1173.5067156054497,130.39755887894043,0.36319674712106925,2.6861897129061728e-14,7.4818529906940267e-17,14.791826346957507,14.78880644607651,0.01,0.02,1653.3753336892539,0.84236435557203737,130554.0,0.068346456692913407,0.04
873888052.995,873889730.995,0.005,1360.375792271411,160.97061081171549,0.42761380425971307,3.3159945827213389e-14,8.8088443677500887e-17,14.563133519972883,14.560253117091342,0.01,0.02,1529.5068233477139,0.64711916723471208,143236.0,0.068346456692913407,0.04
873899887.995,873901561.995,0.005,1209.0677638924735,143.91075529142475,0.40139749088141452,2.9645615590033499e-14,8.2687883121571394e-17,14.684766868717059,14.681742736645006,0.01,0.02,1373.3247885692499,0.73874287207362233,129913.0,0.068346456692913407,0.04
873905803.995,873907476.995,0.005,1110.7799774335247,141.95649636432589,0.4077429648100096,2.9243038251051133e-14,8.3995050750861981e-17,14.699611820092196,14.696497720084393,0.01,0.02,1330.2400893200188,0.76869538963872441,122540.0,0.068346456692913407,0.04
873911712.995,873913392.995,0.005,1041.3756497551017,144.70587438047551,0.42480553375430852,2.9809410122377955e-14,8.7509939953387555e-17,14.678784595505086,14.675601925331753,0.01,0.02,1120.2021804800156,0.77001362950343566,117156.0,0.068346456692913407,0.04
873917628.995,873919309.995,0.005,1141.4757038798332,135.89540956234472,0.38261788217933063,2.7994454369843014e-14,7.8819283728942108e-17,14.746988032845252,14.743935403128727,0.01,0.02,1276.3842152584796,0.81321913269073198,127424.0,0.068346456692913407,0.04
873923542.995,873925224.995,0.005,1177.5448368656357,132.24153144656609,0.37417110821926336,2.7241755477992613e-14,7.7079248293168246e-17,14.776580324957562,14.773512624044915,0.01,0.02,1432.5662500369433,0.80213952593838511,126342.0,0.068346456692913407,0.04
873935371.995,873937056.995,0.005,1117.8153558473928,124.01361210561286,0.37010560206281534,2.5546804093756248e-14,7.6241754024939953e-17,14.846326606894774,14.843091166727937,0.01,0.02,1464.8797744738667,0.80993090007193458,113741.0,0.068346456692913407,0.04
873976774.995,873978465.995,0.005,1197.7155041986991,141.48490514329242,0.39036313702090664,2.9145890459518239e-14,8.0414806226306766e-17,14.703224730078308,14.70023326057243,0.01,0.02,1454.1085996615591,0.77520905636654891,132820.0,0.068346456692913407,0.04
873982689.995,873984380.995,0.005,1116.8819131188648,141.82745721395531,0.40575159090699142,2.9216456186074795e-14,8.3584827726840232e-17,14.700599208457731,14.69749748023767,0.01,0.02,1200.9859915723246,0.77131645398617021,123381.0,0.068346456692913407,0.04
873988604.995,873990296.995,0.005,1214.6715181808511,143.63858930056031,0.39964976742973629,2.9589549395915426e-14,8.2327852090525677e-17,14.686822172015681,14.683805491782316,0.01,0.02,1265.6130404461715,0.74037740066465796,130442.0,0.068346456692913407,0.04
873994518.995,873996211.995,0.005,1365.8986848780687,162.17407485662898,0.42961303410152263,3.340785942046557e-14,8.8500285024913663e-17,14.55504642720186,14.552174021817493,0.01,0.02,1470.2653618800207,0.6432918424838926,143968.0,0.068346456692913407,0.04
874000433.995,874002127.995,0.005,1126.9565202282008,124.05027216682805,0.35200228074604284,2.5554356066366578e-14,7.2512469833684818e-17,14.846005696366936,14.842929198409603,0.01,0.02,1534.8924107538678,0.8883817044217065,125730.0,0.068346456692913407,0.04
874006352.995,874008042.995,0.005,1192.3404928351652,131.56285000302273,0.3709025189838101,2.7101947100622682e-14,7.6405918910664873e-17,14.782166817770133,14.779110212444616,0.01,0.02,1351.7824389446344,0.80207210792370298,127171.0,0.068346456692913407,0.04
874018177.995,874019872.995,0.005,1030.0993111634223,121.96930747063337,0.38025252740078674,2.5125677338950472e-14,7.8332020644562063e-17,14.864373605139729,14.860993970373233,0.01,0.02,1324.8545019138646,0.81889315800731477,104211.0,0.068346456692913407,0.04
899913285.995,899914628.995,0.005,695.10918024167665,133.67406239604793,0.48579390382977072,2.7536856853585873e-14,1.0007354418893277e-16,14.764882133510433,14.760943538948492,0.01,0.02,985.56249532616755,0.81487313705593289,76702.0,0.068346456692913407,0.04
899954683.995,899955898.995,0.005,634.58255416390398,135.59189748810897,0.52789905384819613,2.7931930882550447e-14,1.087472050927284e-16,14.74941565414694,14.74519677178753,0.01,0.02,867.07957239078144,0.76673244766058968,66840.0,0.068346456692913407,0.04
899990180.995,899991576.995,0.005,569.47101424641812,123.09823659456509,0.52267960229699462,2.5358236738480408e-14,1.0767199807318089e-16,14.854370420936027,14.849770105068558,0.01,0.02,646.27048873847059,0.79124158461744565,56113.0,0.068346456692913407,0.04
900368676.995,900370282.995,0.005,1110.0775670343357,140.39694026148072,0.40265904717394663,2.8921769693865027e-14,8.2947763717833006e-17,14.711605892232676,14.708496452798114,0.01,0.02,1384.0959633815578,0.78006248783405252,122958.0,0.068346456692913407,0.04
900421905.995,900423525.995,0.005,1303.3398339957673,154.43470667619164,0.42615938962536948,3.1813549575295474e-14,8.7788834262826105e-17,14.608137731112551,14.605145790639476,0.01,0.02,1599.5194596277147,0.65244381013100883,132924.0,0.068346456692913407,0.04
900427815.995,900429440.995,0.005,1151.4921043073405,142.18851157639585,0.40658414785782776,2.9290833384737544e-14,8.3756334458712513e-17,14.697838729840781,14.694738527313481,0.01,0.02,1222.5283411969403,0.74696913924745478,123523.0,0.068346456692913407,0.04
900782659.995,900784355.995,0.005,1114.5765305286391,154.75384374645336,0.48781171333261014,3.1879291811769388e-14,1.0048921294651768e-16,14.605896388125938,14.602479336737801,0.01,0.02,1050.1895442000148,0.58348151516718805,101692.0,0.068346456692913407,0.04
900788575.995,900790271.995,0.005,1323.8000697023249,154.5924142736794,0.44448078903877264,3.1846037340377954e-14,9.1563042541987156e-17,14.607029550945732,14.603912344648245,0.01,0.02,1481.0365366923286,0.59109840841486117,122449.0,0.068346456692913407,0.04
900794489.995,900796185.995,0.005,1495.0838298204171,432.61443240197809,1.0603079744168356,8.9118573074807479e-14,2.1842344272986813e-16,13.489747490513313,13.487089682088438,0.01,0.02,1777.243844030794,0.25737798948774615,168248.0,0.068346456692913407,0.04
900847721.995,900849418.995,0.005,1359.1026465662092,160.04236193251603,0.42507871490506594,3.2968726558098302e-14,8.7566215270443584e-17,14.569412619633983,14.566532685120091,0.01,0.02,1513.3500611292523,0.65169438040978289,143266.0,0.068346456692913407,0.04
900859546.995,900861248.995,0.005,1162.3048091583012,138.61204822415041,0.39083182760780244,2.8554081934174984e-14,8.0511356487207297e-17,14.725497547509409,14.722440503364252,0.01,0.02,1437.951837443097,0.78073041625405992,127221.0,0.068346456692913407,0.04
900865498.995,900867163.995,0.005,1180.5462487361649,140.56547375983348,0.39049154081735943,2.8956487594525695e-14,8.0441257408376039e-17,14.710303348307288,14.707291349811999,0.01,0.02,1357.1680263507883,0.7808585944217955,130936.0,0.068346456692913407,0.04
900871377.995,900873079.995,0.005,1140.8102242672492,134.20172030621259,0.37899575815091058,2.7645554383079795e-14,7.8073126179087576e-17,14.760604792483386,14.757542913185446,0.01,0.02,1249.4562782277098,0.81898506069532495,126635.0,0.068346456692913407,0.04
900877296.995,900878993.995,0.005,1092.9715730347666,129.65541290357729,0.38276922450591205,2.670901505813692e-14,7.8850460248217887e-17,14.798023368561619,14.794822775909259,0.01,0.02,1270.9986278523254,0.80966946570940623,116009.0,0.068346456692913407,0.04
900883210.995,900884908.995,0.005,1018.5579904906617,122.11335396464054,0.38494076685504236,2.5155350916715951e-14,7.9297797972138728e-17,14.863092100661294,14.859674892408954,0.01,0.02,1179.443641947709,0.80907649671124082,101812.0,0.068346456692913407,0.04
900930521.995,900932226.995,0.005,1363.2669720157519,128.25102531186187,0.34010096782790922,2.6419711214243544e-14,7.0060799372549295e-17,14.809847885511047,14.806972499616815,0.01,0.02,1674.9176833138699,0.8133251407736859,143877.0,0.068346456692913407,0.04
900936435.995,900938142.995,0.005,1227.4481007615693,142.02986053068469,0.39295994494070863,2.9258151269321043e-14,8.0949748657785979e-17,14.699050848542784,14.696051044785309,0.01,0.02,1481.0365366923286,0.74934179063995876,132117.0,0.068346456692913407,0.04
900942350.995,900944056.995,0.005,1122.2253485104673,132.84718846040366,0.38267609951080561,2.7366520822843152e-14,7.8831276499225955e-17,14.771619081099125,14.76849603401415,0.01,0.02,1518.735648535406,0.80836893576549396,122034.0,0.068346456692913407,0.04
900948273.995,900949972.995,0.005,1228.0038738827882,138.53592255977102,0.37914937585014075,2.8538400047312831e-14,7.8104771425128988e-17,14.726093997065023,14.723126579619866,0.01,0.02,1577.9771100030991,0.78476924279788118,135085.0,0.068346456692913407,0.04
900954179.995,900955886.995,0.005,1146.2172732739143,132.43885707813399,0.37404495812902688,2.7282404558095602e-14,7.7053261374579534e-17,14.774961439454131,14.77189933405062,0.01,0.02,1270.9986278523254,0.82584941419728564,126638.0,0.068346456692913407,0.04
900960094.995,900961800.995,0.005,1090.137029715291,114.92894026462812,0.34013459941391855,2.3675361694513392e-14,7.0067727479267219e-17,14.928926494540159,14.925717981055618,0.01,0.02,1405.6383130061736,0.91126918912544608,115577.0,0.068346456692913407,0.04
900966014.995,900967715.995,0.005,1095.1766473780131,121.63106470425654,0.36851552993629788,2.5055999329076848e-14,7.591419916687736e-17,14.867388729050958,14.864104159015739,0.01,0.02,1459.494187067713,0.81780308507795407,110397.0,0.068346456692913407,0.04
901019241.995,901020950.995,0.005,1369.8782326506735,158.06287194573792,0.41896626519593722,3.256095162082201e-14,8.6307050630363063e-17,14.582925328375019,14.580051250282882,0.01,0.02,1680.3032707200236,0.65733959538108389,144012.0,0.068346456692913407,0.04
901025162.995,901026864.995,0.005,1143.4165991020641,128.03477079732639,0.36912015135356602,2.6375162784249234e-14,7.6038751178834592e-17,14.811680179107986,14.808554539734539,0.01,0.02,1254.8418656338638,0.82184123025527256,121570.0,0.068346456692913407,0.04
901031071.995,901032780.995,0.005,1081.2756532087269,139.03405733752416,0.40670806926445391,2.8641015811529977e-14,8.3781862268477509e-17,14.722197008320881,14.719025604994862,0.01,0.02,1174.0580545415548,0.77735463840181385,118037.0,0.068346456692913407,0.04
901036992.995,901038694.995,0.005,1123.9448834789318,136.95000843228533,0.39119742571297772,2.8211701737050777e-14,8.0586669696873408e-17,14.7385948416741,14.735497859531328,0.01,0.02,1238.685103415402,0.79620531477957024,123794.0,0.068346456692913407,0.04
901042901.995,901044586.995,0.005,1074.7966154146677,130.99485565458986,0.38177379041857834,2.6984940264845508e-14,7.8645400826227135e-17,14.786864398354734,14.783704711099315,0.01,0.02,1222.5283411969403,0.83621072006371255,118955.0,0.068346456692913407,0.04
901048984.995,901050523.995,0.005,1058.4448989425416,117.0385288603907,0.35712363869538327,2.4109936945240485e-14,7.356746957124895e-17,14.909177864503295,14.905869964931771,0.01,0.02,1200.9859915723246,0.86700859758437543,108605.0,0.068346456692913407,0.04
901054728.995,901056437.995,0.005,806.6069780924513,122.45420001559603,0.43534422455862481,2.5225565203212781e-14,8.9680910259076706e-17,14.860065786407052,14.856212666094976,0.01,0.02,1114.8165930738619,0.80102512048854546,80234.0,0.068346456692913407,0.04
901107962.995,901109669.995,0.005,1351.7147662668006,159.00309214892621,0.42336246298029739,3.2754636982678802e-14,8.7212667373941264e-17,14.576486074573744,14.573599029515835,0.01,0.02,1545.6635855661755,0.65629004079690212,142600.0,0.068346456692913407,0.04
901113880.995,901115584.995,0.005,1216.1465631866204,142.49837409029237,0.39620998565335303,2.9354665062600229e-14,8.1619257044590716e-17,14.69547522734293,14.692460578311321,0.01,0.02,1330.2400893200188,0.74640262579243677,130681.0,0.068346456692913407,0.04
901125708.995,901127414.995,0.005,951.04977136459524,144.07181438667672,0.44778836206020173,2.9678793763655407e-14,9.2244402584401552e-17,14.683552436126588,14.680183102195903,0.01,0.02,1114.8165930738619,0.75549253203774525,104632.0,0.068346456692913407,0.04
901131623.995,901133330.995,0.005,1069.2817083022846,123.71855882013155,0.36062667233078921,2.5486023116947099e-14,7.4289094500142575e-17,14.848912869184872,14.845752665188137,0.01,0.02,1314.0833271015567,0.88966606590023567,119008.0,0.068346456692913407,0.04
901137538.995,901139046.995,0.005,1024.5552885221675,115.69520812192221,0.35229714612171564,2.3833212873115974e-14,7.2573212101073425e-17,14.921711570842403,14.918410478389998,0.01,0.02,1157.901292323093,0.9098330781621814,109006.0,0.068346456692913407,0.04
901190774.995,901192479.995,0.005,1058.8728617932131,122.44059540379321,0.37757672586049168,2.5222762653181402e-14,7.7780805527261287e-17,14.860186417958865,14.856843425988929,0.01,0.02,1249.4562782277098,0.81109398865738858,106407.0,0.068346456692913407,0.04
901196697.995,901198394.995,0.005,1349.5905524488594,160.09107498289427,0.42749008109397663,3.2978761446476218e-14,8.8062956705359178e-17,14.569082197898862,14.566186828107663,0.01,0.02,1685.6888581261776,0.64910208875313691,141929.0,0.068346456692913407,0.04
901202612.995,901204309.995,0.005,1214.1285740915903,142.37605968140795,0.39626471181016404,2.9329468294370036e-14,8.1630530632893784e-17,14.696407576297464,14.69338992482006,0.01,0.02,1394.8671381938659,0.74679515345770453,130488.0,0.068346456692913407,0.04
901208522.995,901210224.995,0.005,1106.5705361366458,139.59771507371494,0.40353672284211212,2.8757129305185275e-14,8.3128564905475093e-17,14.717804225396009,14.714670202841784,0.01,0.02,1432.5662500369433,0.77469915452666049,121104.0,0.068346456692913407,0.04
901214483.995,901216139.995,0.005,1159.5757357681155,140.70057340809657,0.39478918844359656,2.8984318122067893e-14,8.1326572819380884e-17,14.709260331618095,14.706218150090205,0.01,0.02,1427.1806626307894,0.77851367714150599,128444.0,0.068346456692913407,0.04
901279644.995,901281204.995,0.005,998.10086697545819,123.7326364460191,0.39261382954516827,2.5488923107879933e-14,8.0878448886304666e-17,14.848789333001477,14.845349657053349,0.01,0.02,1324.8545019138646,0.80422699640773398,100645.0,0.068346456692913407,0.04
901285418.995,901287120.995,0.005,1119.2328802779921,116.39920833224862,0.33958307156110035,2.3978236916443217e-14,6.9954112741586674e-17,14.915124933624799,14.911962018128577,0.01,0.02,1314.0833271015567,0.90185662906595199,118806.0,0.068346456692913407,0.04
901291338.995,901293036.995,0.005,1229.7935888541135,128.51464249933545,0.36157085714382758,2.6474016354863101e-14,7.4483596571628487e-17,14.807618468878815,14.804568082126684,0.01,0.02,1292.5409774769412,0.79934368857261773,127626.0,0.068346456692913407,0.04
901297249.995,901298950.995,0.005,1173.224486875283,133.50938598531911,0.37945665056634531,2.7502933512975738e-14,7.8168070016667138e-17,14.766220503569816,14.763139031397543,0.01,0.02,1384.0959633815578,0.79032613189765655,125178.0,0.068346456692913407,0.04
901303164.995,901304866.995,0.005,1071.9992638544575,126.35746439478829,0.37222947906477682,2.6029637665326388e-14,7.6679272687344028e-17,14.82599774408089,14.822804035509758,0.01,0.02,1384.0959633815578,0.85071655876104602,116618.0,0.068346456692913407,0.04
901309087.995,901310583.995,0.005,449.15978712547746,123.65246128165595,0.57375217481515162,2.5472407024021124e-14,1.1819294801192124e-16,14.849493086643218,14.844466880803516,0.01,0.02,490.0884539600068,0.83628288446168331,46937.0,0.068346456692913407,0.04
901362484.995,901364018.995,0.005,1107.4024116436949,131.89302969631635,0.38529553831760799,2.7169964117441168e-14,7.9370880893427239e-17,14.779445388776534,14.77627828072864,0.01,0.02,1346.3968515384804,0.80228453293090907,118527.0,0.068346456692913407,0.04
901368240.995,901369933.995,0.005,1089.0455948001015,123.21902455979455,0.37386138204841973,2.5383119059317675e-14,7.7015444701974463e-17,14.853305583848719,14.850016316749056,0.01,0.02,1394.8671381938659,0.80948813898482208,110021.0,0.068346456692913407,0.04
901374148.995,901375847.995,0.005,1137.1460470760949,126.54194499517416,0.35773994509817947,2.6067640669005877e-14,7.3694428690224964e-17,14.824413736408236,14.821348640367471,0.01,0.02,1394.8671381938659,0.86952763154768686,126517.0,0.068346456692913407,0.04
901380070.995,901381763.995,0.005,1359.6100551388074,160.61605271101291,0.42658463993713164,3.3086906858468656e-14,8.7876435827049118e-17,14.565527628723453,14.562647814349894,0.01,0.02,1529.5068233477139,0.64917853764161781,143294.0,0.068346456692913407,0.04
901385979.995,901387678.995,0.005,1180.336714527873,141.24712320716512,0.39942560275458522,2.9096907380676011e-14,8.2281674167444555e-17,14.705050971832843,14.701985006283975,0.01,0.02,1297.9265648830951,0.75007017446343749,126349.0,0.068346456692913407,0.04
901391896.995,901393593.995,0.005,1038.6893951293885,139.30845920409183,0.41423594184044188,2.8697542596042917e-14,8.5332604019131026e-17,14.720056277961721,14.716832614347403,0.01,0.02,1184.829229353863,0.78162102736824923,114284.0,0.068346456692913407,0.04
901451052.995,901452748.995,0.005,1130.3302654588947,135.39097390264601,0.38254609928348038,2.7890540623945077e-14,7.8804496452396955e-17,14.75102571938822,14.747962306331861,0.01,0.02,1287.1553900707875,0.81849644984077052,126547.0,0.068346456692913407,0.04
901456972.995,901458466.995,0.005,993.98708066551933,126.74082076532405,0.39987832717443322,2.6108609077656752e-14,8.2374935397933236e-17,14.822708711847032,14.819288512246999,0.01,0.02,1168.6724671354011,0.79740699725891917,101625.0,0.068346456692913407,0.04
901462883.995,901464577.995,0.005,986.98758388733313,122.05030479037544,0.40805517066079294,2.514236278681734e-14,8.4059365156123346e-17,14.863652829256615,14.860028903011809,0.01,0.02,1001.7192575446295,0.74265893110183634,90464.0,0.068346456692913407,0.04
901468814.995,901470493.995,0.005,1154.5655632025864,137.05655286997853,0.38528487510187959,2.8233649891215575e-14,7.9368684270987197e-17,14.737750488468109,14.734702616225118,0.01,0.02,1378.7103759754038,0.79968193217232708,127921.0,0.068346456692913407,0.04
901474719.995,901476409.995,0.005,1365.4223519107356,158.21493137225812,0.4208362767203454,3.2592275862685169e-14,8.6692273004391149e-17,14.581881332017156,14.578997213711586,0.01,0.02,1771.8582566246403,0.6542656504575628,143113.0,0.068346456692913407,0.04
901533870.995,901535564.995,0.005,1061.005235819362,139.4504625885595,0.41117721762286991,2.8726795293243255e-14,8.4702506830311195e-17,14.718950101857581,14.715753460463215,0.01,0.02,1211.7571663846322,0.77739965829302893,116234.0,0.068346456692913407,0.04
901539786.995,901541479.995,0.005,1179.7514536904905,140.58118356336385,0.39040822727631463,2.8959723814052954e-14,8.0424094818920811e-17,14.710182011616734,14.707170990907555,0.01,0.02,1464.8797744738667,0.78180555476423252,131128.0,0.068346456692913407,0.04
901545703.995,901547394.995,0.005,1119.2619905210781,135.0088993218362,0.38441687816222764,2.7811833260298257e-14,7.9189876901418886e-17,14.754094008410965,14.751006936045679,0.01,0.02,1319.4689145077107,0.81625479595567074,124664.0,0.068346456692913407,0.04
901551618.995,901553114.995,0.005,952.59175502253663,134.0391194908531,0.42366031830034095,2.7612058615115736e-14,8.7274025569870235e-17,14.761921084319603,14.758494786561318,0.01,0.02,1082.5030686369382,0.78395145717408976,101181.0,0.068346456692913407,0.04
901563449.995,901565141.995,0.005,1220.0300817953387,141.02042551060009,0.39330331289579618,2.9050207655183616e-14,8.1020482456534006e-17,14.706794948076194,14.703771065052582,0.01,0.02,1524.1212359415599,0.74723339430829117,130085.0,0.068346456692913407,0.04
901622610.995,901623985.995,0.005,860.87629024145429,159.07079963542262,0.53853029243275807,3.2768584724897057e-14,1.1093724024114816e-16,14.576023839398639,14.572354314140002,0.01,0.02,1060.9607190123227,0.63713203565865184,88310.0,0.068346456692913407,0.04
901628521.995,901629900.995,0.005,837.90903853786381,162.33263065799031,0.53380618923481615,3.3440521915546004e-14,1.0996407498237212e-16,14.553985433485636,14.550421012277637,0.01,0.02,1001.7192575446295,0.67989483440067644,93481.0,0.068346456692913407,0.04
901634463.995,901636127.995,0.005,1468.6126235480772,390.19731645678604,0.96469517493825363,8.0380647190097919e-14,1.9872720603728024e-16,13.601789304370776,13.599108322721156,0.01,0.02,1831.0997180923332,0.28549388378695173,165433.0,0.068346456692913407,0.04
901640364.995,901642044.995,0.005,1359.7716407823127,161.76445765468938,0.4291033394631657,3.3323478276866009e-14,8.8395287929412134e-17,14.557792234931647,14.554915977658272,0.01,0.02,1427.1806626307894,0.64609047406630371,143543.0,0.068346456692913407,0.04
901646268.995,901647959.995,0.005,1225.8868487028803,127.8676499548662,0.35442703216766663,2.6340735890702436e-14,7.3011968626539329e-17,14.813098291328192,14.81009298134515,0.01,0.02,1437.951837443097,0.83034126476553805,131595.0,0.068346456692913407,0.04
902474429.995,902476135.995,0.005,1382.2011976310496,159.63486824298369,0.42063918478736295,3.2884782858054639e-14,8.6651672066196767e-17,14.572180604650143,14.569323443531909,0.01,0.02,1642.6041588769463,0.65273520832817167,145667.0,0.068346456692913407,0.04
902480348.995,902482050.995,0.005,1181.8063987376192,140.68500992121437,0.39889781475386665,2.8981112043770157e-14,8.2172949839296534e-17,14.709380436145112,14.706306299420493,0.01,0.02,1658.7609210954079,0.74813190152628228,126045.0,0.068346456692913407,0.04
902486259.995,902487966.995,0.005,1159.6119735515947,138.75442441317239,0.39107724748725398,2.8583411429113512e-14,8.0561912982374315e-17,14.724382899475536,14.721327072777434,0.01,0.02,1432.5662500369433,0.78236434423757129,127316.0,0.068346456692913407,0.04
902492194.995,902493881.995,0.005,1137.3150873377938,139.48789305414815,0.39603121636294275,2.873450596915452e-14,8.15824305707662e-17,14.718658714093422,14.715580481493156,0.01,0.02,1411.0239004123277,0.78198221285486103,125466.0,0.068346456692913407,0.04
902498089.995,902499796.995,0.005,1157.5952006363716,133.44769912152938,0.37476011358043382,2.7490226019035051e-14,7.720058339756936e-17,14.766722274575741,14.763677483547978,0.01,0.02,1454.1085996615591,0.82081946883949342,128253.0,0.068346456692913407,0.04
902504006.995,902505711.995,0.005,1202.9847451113533,121.88251163302151,0.34247569102569153,2.510779739640243e-14,7.0549992351292456e-17,14.865146512125976,14.862099997762005,0.01,0.02,1448.7230122554049,0.86381705366188155,128104.0,0.068346456692913407,0.04
902557240.995,902558944.995,0.005,1171.7101189966463,128.71099551829494,0.36723036945437537,2.6514465076768756e-14,7.5649456107601319e-17,14.805960876543546,14.802867530940233,0.01,0.02,1437.951837443097,0.81455101592490531,124282.0,0.068346456692913407,0.04
902563156.995,902564858.995,0.005,1226.0599609266412,140.09965726392636,0.38154049902830911,2.8860529396368831e-14,7.8597342799831678e-17,14.713907317898475,14.710954496411981,0.01,0.02,1481.0365366923286,0.7849537634402145,136313.0,0.068346456692913407,0.04
902569071.995,902570774.995,0.005,1154.9445141702881,133.572574211427,0.37536102690469503,2.7515950287553961e-14,7.7324371542367179e-17,14.765706760552284,14.762659941263173,0.01,0.02,1454.1085996615591,0.82083868939600024,128084.0,0.068346456692913407,0.04
902586819.995,902588518.995,0.005,1103.3190901770795,119.10034603403362,0.36467649364187094,2.4534671283010926e-14,7.5123357690225414e-17,14.890217441791521,14.886898076680342,0.01,0.02,1491.8077115046362,0.8117015024325146,108154.0,0.068346456692913407,0.04
931474031.995,931475710.995,0.005,1348.5753165710885,159.67356507437452,0.42739681800199847,3.2892754405321153e-14,8.8043744508411676e-17,14.571917444979604,14.569015147039719,0.01,0.02,1443.337424849251,0.648179433125183,141017.0,0.068346456692913407,0.04
931509514.995,931510875.995,0.005,859.39132613414483,122.80256345290159,0.41313152309550183,2.5297328071297727e-14,8.5105093757673373e-17,14.856981418454758,14.853334922650351,0.01,0.02,985.56249532616755,0.8372203930092641,89342.0,0.068346456692913407,0.04
931515438.995,931516804.995,0.005,1069.2068889081777,147.01677471426277,0.48919392692387614,3.0285455591138126e-14,1.0077394894631849e-16,14.661582772819987,14.657976015392727,0.01,0.02,915.5498590461666,0.57457010905647865,91233.0,0.068346456692913407,0.04
931521346.995,931523028.995,0.005,1212.6033037625273,140.76701324581575,0.3954027172668097,2.8998004728638042e-14,8.1452959756962796e-17,14.708747760068047,14.705702293489569,0.01,0.02,1556.4347603784836,0.74251092792709472,128299.0,0.068346456692913407,0.04
931527255.995,931528943.995,0.005,1144.9717632931615,138.63441896611224,0.39555128581508814,2.855869030701912e-14,8.1483564877908152e-17,14.72532233355791,14.72222892540734,0.01,0.02,1297.9265648830951,0.77387477169868502,124137.0,0.068346456692913407,0.04
931533179.995,931534858.995,0.005,1170.1063880906997,139.54756067082201,0.39189075176606503,2.8746797498189334e-14,8.0729494863809389e-17,14.718194376735591,14.715149582251808,0.01,0.02,1346.3968515384804,0.776545432499542,128145.0,0.068346456692913407,0.04
931539084.995,931540772.995,0.005,1155.4644488515578,134.37124911499353,0.37803671989057647,2.7680477317688667e-14,7.787556429745875e-17,14.759234114039568,14.756183819690552,0.01,0.02,1017.8760197630912,0.81373274792582528,127359.0,0.068346456692913407,0.04
931545022.995,931546687.995,0.005,1139.4030527876448,126.84062161107684,0.37140456153918006,2.6129168051881829e-14,7.6509339677071092e-17,14.821854095704158,14.818679575226861,0.01,0.02,1351.7824389446344,0.80702412242775923,117985.0,0.068346456692913407,0.04
931550911.995,931552602.995,0.005,1036.5017789667993,120.60910071931931,0.38132995656525581,2.4845474748179778e-14,7.8553971052442693e-17,14.876549801736321,14.873122443403151,0.01,0.02,1292.5409774769412,0.80021774835164372,101329.0,0.068346456692913407,0.04
931639630.995,931641321.995,0.005,990.85332486204277,121.64218112039242,0.39102312655790183,2.5058289310800839e-14,8.0550764070927779e-17,14.867289503215964,14.863804963083448,0.01,0.02,1297.9265648830951,0.80291568102442745,98073.0,0.068346456692913407,0.04
931692856.995,931694553.995,0.005,1171.8577647977095,128.09981669704268,0.36836218014859956,2.6388562239590791e-14,7.5882609110611504e-17,14.811128729258888,14.808011080626523,0.01,0.02,1416.4094878184815,0.80560756712013659,122350.0,0.068346456692913407,0.04
931698768.995,931700467.995,0.005,1155.4065614031783,133.26855157984733,0.37647643595174834,2.7453321625448549e-14,7.755414580606016e-17,14.768180805885603,14.76511798406562,0.01,0.02,1448.7230122554049,0.81379918622436775,126757.0,0.068346456692913407,0.04
931704678.995,931706383.995,0.005,1220.8723254801841,139.49712999510757,0.38342329349299942,2.8736408778992157e-14,7.8985198459557874e-17,14.718586818612332,14.715606646338227,0.01,0.02,1464.8797744738667,0.77720938568428333,133830.0,0.068346456692913407,0.04
931710598.995,931712297.995,0.005,1145.150986071807,139.19320773167183,0.39622147558145848,2.8673800792724396e-14,8.1621623969780444e-17,14.720954891638097,14.717868671523934,0.01,0.02,1330.2400893200188,0.77424653410853406,124743.0,0.068346456692913407,0.04
931716507.995,931718212.995,0.005,1226.4031253570174,127.97495941967115,0.35688169203947562,2.6362841640452257e-14,7.351762856013197e-17,14.812187498726683,14.809163937717207,0.01,0.02,1308.697739695403,0.81930048754516271,129897.0,0.068346456692913407,0.04
931722452.995,931724126.995,0.005,587.0838063894862,129.16028837100191,0.5589088102222276,2.6607019404426393e-14,1.1513521490577888e-16,14.802177485054751,14.797489369486623,0.01,0.02,554.71550283385398,0.70428265620585617,53959.0,0.068346456692913407,0.04
931864368.995,931866076.995,0.005,1146.7378916196049,119.79534683122935,0.3595081413043949,2.4677841447233245e-14,7.4058677108705349e-17,14.88390012691951,14.880646691047769,0.01,0.02,1513.3500611292523,0.80827347465850985,112549.0,0.068346456692913407,0.04
931870283.995,931871992.995,0.005,1233.7865604355097,141.40244226656628,0.39279100647376591,2.9128903106912652e-14,8.0914947333595772e-17,14.70385772362974,14.70084592143688,0.01,0.02,1400.2527256000196,0.74283747399969913,130996.0,0.068346456692913407,0.04
931876202.995,931877906.995,0.005,1077.7449137498329,139.69369084356916,0.41055845251074768,2.8776900313775245e-14,8.457504121721402e-17,14.717058020034839,14.713871731417013,0.01,0.02,1200.9859915723246,0.76897251012763967,116973.0,0.068346456692913407,0.04
931882112.995,931883821.995,0.005,1240.7674421884137,140.46571480897305,0.38146195916818554,2.8935937250648449e-14,7.8581163588646217e-17,14.711074166021856,14.708129634675743,0.01,0.02,1378.7103759754038,0.77799619799228115,136972.0,0.068346456692913407,0.04
931888038.995,931889736.995,0.005,1125.4328056486622,132.44610880551014,0.37948496324761255,2.7283898413935086e-14,7.8173902429008185e-17,14.774901991286244,14.771795584980371,0.01,0.02,1260.2274530400177,0.81720400991357856,123072.0,0.068346456692913407,0.04
931893941.995,931895650.995,0.005,1076.4078770626095,118.48012985648437,0.35678370940084964,2.440690675043578e-14,7.3497444136575028e-17,14.895886196228856,14.892621590561864,0.01,0.02,1270.9986278523254,0.8646863861442855,111547.0,0.068346456692913407,0.04
964671764.995,964673333.995,0.005,1229.9319417119186,155.76892408625199,0.44585190016232723,3.208839836176791e-14,9.1845491433439412e-17,14.598797949521401,14.5956947240683,0.01,0.02,1411.0239004123277,0.6371159769229402,123473.0,0.068346456692913407,0.04
964677680.995,964679247.995,0.005,1057.181129542711,127.59498488061951,0.38952006984751197,2.6284566885407617e-14,8.0241134388587467e-17,14.815415988047256,14.812106517713467,0.01,0.02,1244.0706908215559,0.79547131508766167,108546.0,0.068346456692913407,0.04
964683588.995,964685161.995,0.005,1042.7125757333572,133.02780508308169,0.40620403723196141,2.7403727847114828e-14,8.3678031669784043e-17,14.770143936453326,14.7668336627265,0.01,0.02,1260.2274530400177,0.77319554487501108,108510.0,0.068346456692913407,0.04
964689505.995,964690889.995,0.005,953.67791992981017,132.64771195716415,0.42309685241207146,2.7325428663175813e-14,8.7157951596886712e-17,14.77325059192648,14.769793008633611,0.01,0.02,1195.6004041661706,0.77699539806205853,99488.0,0.068346456692913407,0.04
964695427.995,964696988.995,0.005,979.61418243012758,128.93090146311525,0.40414810544135538,2.655976570140174e-14,8.3254509720919203e-17,14.804107452029051,14.800709415341824,0.01,0.02,1227.9139286030943,0.80578812090510621,103001.0,0.068346456692913407,0.04
964701346.995,964702903.995,0.005,1051.3168765956511,123.57225223142244,0.38496044298006443,2.5455883959673023e-14,7.9301851253893276e-17,14.850197594470174,14.846820494879402,0.01,0.02,1314.0833271015567,0.7931496104614475,104355.0,0.068346456692913407,0.04
964707260.995,964708816.995,0.005,783.25254958740311,115.4154199070489,0.42971732908509086,2.3775576500852073e-14,8.8521769791528711e-17,14.9243404100745,14.920305479044909,0.01,0.02,1136.3589426984774,0.79798785808598116,73274.0,0.068346456692913407,0.04
964837421.995,964838930.995,0.005,1195.3646619077915,136.18596606298274,0.39629674123921443,2.8054309008974443e-14,8.1637128695278167e-17,14.744669110195975,14.741514241138654,0.01,0.02,1524.1212359415599,0.72542236493419365,119617.0,0.068346456692913407,0.04
964843339.995,964844844.995,0.005,1018.106428574466,136.94753753244771,0.4278447075358523,2.8211192731684229e-14,8.8136009752385577e-17,14.738614431082269,14.735227715411401,0.01,0.02,1233.2995160092482,0.7348331154134522,103689.0,0.068346456692913407,0.04
964849260.995,964850758.995,0.005,861.54690938165163,121.76812434636331,0.41005072955977123,2.5084233615350842e-14,8.4470450289312876e-17,14.866165958901593,14.862515915074507,0.01,0.02,1292.5409774769412,0.84058088485977978,89477.0,0.068346456692913407,0.04
964855178.995,964856672.995,0.005,874.23270376955406,139.18153364499474,0.46007999688133189,2.867139593086892e-14,9.4776479357554367e-17,14.721045955780681,14.717462853244733,0.01,0.02,1007.1048449507833,0.75212126118561518,92523.0,0.068346456692913407,0.04
964861090.995,964862587.995,0.005,968.44138963641558,128.99148818646222,0.4064945788547496,2.6572246566411218e-14,8.3737883244078411e-17,14.803597366802522,14.800181234993646,0.01,0.02,1227.9139286030943,0.80608009112048529,101924.0,0.068346456692913407,0.04
964867026.995,964868502.995,0.005,820.35036089818084,127.6105439880447,0.44691743037979892,2.6287772061537207e-14,9.206499065823858e-17,14.815283599957224,14.811487779450363,0.01,0.02,1421.7950752246354,0.77881193878589061,82952.0,0.068346456692913407,0.04
964873053.995,964874264.995,0.005,669.87289542904296,115.95464431541789,0.46494011677670832,2.3886656728976084e-14,9.5777664056001908e-17,14.91927962985122,14.914934888231839,0.01,0.02,910.16427164001277,0.80075876618815434,63109.0,0.068346456692913407,0.04
965014950.995,965016375.995,0.005,1106.1610354247614,124.40378763752311,0.37505008372014181,2.5627180253329761e-14,7.726031724634921e-17,14.842915991937875,14.839647660035522,0.01,0.02,1238.685103415402,0.79953358877871017,111263.0,0.068346456692913407,0.04
965020876.995,965022290.995,0.005,951.18283335219269,123.34431442462984,0.39770011783402237,2.5408928771473748e-14,8.1926224273808605e-17,14.852202161461518,14.848707044663612,0.01,0.02,1238.685103415402,0.81986754028250075,97428.0,0.068346456692913407,0.04
965026793.995,965028205.995,0.005,873.74215042331082,127.31122172434404,0.42609736072333565,2.6226111675214872e-14,8.7776056309007142e-17,14.817833285481584,14.814205507332112,0.01,0.02,1227.9139286030943,0.80253819411646743,90500.0,0.068346456692913407,0.04
965032704.995,965034122.995,0.005,970.96896114849903,135.62374947205262,0.42515487939049845,2.7938492391242838e-14,8.7581905154442683e-17,14.749160633076382,14.745762378481935,0.01,0.02,1200.9859915723246,0.77274475189910952,102961.0,0.068346456692913407,0.04
965038626.995,965040037.995,0.005,615.77654344963025,118.83701241903351,0.47147440697079607,2.4480424558320903e-14,9.712372783598399e-17,14.892620687404806,14.888321655899411,0.01,0.02,904.77868423385883,0.86818511925958286,64436.0,0.068346456692913407,0.04
965044545.995,965045952.995,0.005,898.72115420123851,127.79299969356289,0.47628674462570386,2.6325357936873955e-14,9.8115069392894994e-17,14.813732338795461,14.809693303085268,0.01,0.02,980.1769079200136,0.62682326931796184,72971.0,0.068346456692913407,0.04
965050459.995,965051868.995,0.005,795.21215677582927,104.49658133034023,0.38592420607590994,2.1526295754050088e-14,7.9500386451637447e-17,15.032244793826216,15.028242365851128,0.01,0.02,1281.7698026646335,0.88229746814548449,74598.0,0.068346456692913407,0.04
965198420.995,965199770.995,0.005,1050.3564882402118,152.67932190416664,0.47557051461220201,3.1451940312258326e-14,9.7967526010113618e-17,14.6205494438851,14.617172813556486,0.01,0.02,1346.3968515384804,0.64270793070873422,104416.0,0.068346456692913407,0.04
965204338.995,965205686.995,0.005,889.34548967359081,136.97709245544621,0.45724085042381019,2.8217281045821919e-14,9.4191615187304891e-17,14.738380141452641,14.734761899947806,0.01,0.02,1227.9139286030943,0.73669443447561844,90972.0,0.068346456692913407,0.04
965210261.995,965211603.995,0.005,653.44290847093885,133.81587789211716,0.51703886575273494,2.7566070845776134e-14,1.065100063450634e-16,14.763730880997993,14.759543888382588,0.01,0.02,996.33367013847555,0.76604382850162456,67980.0,0.068346456692913407,0.04
965216187.995,965217520.995,0.005,825.18724469145877,131.65229827925671,0.44744266057735438,2.7120373445526881e-14,9.2173188078935005e-17,14.78142888732553,14.777745085193636,0.01,0.02,1244.0706908215559,0.79689510908016625,87817.0,0.068346456692913407,0.04
965222095.995,965223437.995,0.005,683.92948492250378,121.10255313942584,0.45534900366053205,2.4947125946721723e-14,9.38018947540696e-17,14.872116751913717,14.868042009048992,0.01,0.02,861.69398498462738,0.85399079771449382,71594.0,0.068346456692913407,0.04
965228014.995,965229353.995,0.005,846.53858429104901,124.36379432136212,0.42972428399487439,2.5618941630200597e-14,8.8523202502944125e-17,14.843265090412334,14.839519924995848,0.01,0.02,1082.5030686369382,0.79554987713633707,84837.0,0.068346456692913407,0.04
965233940.995,965235270.995,0.005,746.40112462255684,111.62609081788816,0.42693290127089478,2.2994974708484958e-14,8.794817766180432e-17,14.960585710317284,14.956441049142525,0.01,0.02,969.40573310770583,0.8204916797363111,69331.0,0.068346456692913407,0.04
967026177.995,967027875.995,0.005,1364.4732048914682,154.75618381702159,0.42053369096282389,3.1879773866306449e-14,8.6629940338341716e-17,14.605879970568434,14.602933597777108,0.01,0.02,1653.3753336892539,0.64132978533052587,137077.0,0.068346456692913407,0.04
967032091.995,967033788.995,0.005,1215.0756010864554,138.8846643619955,0.39509246136880211,2.8610240858571071e-14,8.1389047041973234e-17,14.723364265977356,14.720280000375205,0.01,0.02,1362.5536137569422,0.7322400973670542,124932.0,0.068346456692913407,0.04
967038006.995,967039703.995,0.005,1138.4785859939391,134.37218111994497,0.39219428315904953,2.7680669310708662e-14,8.0792022330764199e-17,14.759226583351149,14.756062242992193,0.01,0.02,1411.0239004123277,0.7673296549687969,118797.0,0.068346456692913407,0.04
967043923.995,967045618.995,0.005,1181.478052023599,134.24210284304303,0.38222548183401234,2.7653873185666862e-14,7.8738449257806535e-17,14.760278133578794,14.757191126236336,0.01,0.02,1470.2653618800207,0.77772097987399058,124820.0,0.068346456692913407,0.04
967049844.995,967051531.995,0.005,1074.7764014619356,122.15590948742518,0.36793850081549639,2.5164117354409586e-14,7.579533116799226e-17,14.862713796231059,14.859448430459107,0.01,0.02,1416.4094878184815,0.83954869401259802,111641.0,0.068346456692913407,0.04
967055750.995,967057446.995,0.005,1139.9417645518863,115.19709184334421,0.34239282533265042,2.3730600919728906e-14,7.0532922018525982e-17,14.926396211403764,14.923173934596196,0.01,0.02,1303.3121522892491,0.86200451125494759,114500.0,0.068346456692913407,0.04
967061676.995,967063359.995,0.005,1084.8158858989898,116.73019907269098,0.36654648466065382,2.404642100897434e-14,7.5508575840094688e-17,14.912041934565995,14.908637937513895,0.01,0.02,1432.5662500369433,0.8008829946432825,102849.0,0.068346456692913407,0.04
968652870.995,968654563.995,0.005,1337.2609025921868,154.95663087704929,0.4254823705140201,3.1921065960672155e-14,8.7649368325888133e-17,14.604474586933851,14.601497440751807,0.01,0.02,1610.2906344400226,0.64007501859356464,134245.0,0.068346456692913407,0.04
968658770.995,968660477.995,0.005,1211.3714076977158,137.28774073645775,0.392950313670685,2.8281274591710294e-14,8.0947764616161111e-17,14.735920604617753,14.732817407135137,0.01,0.02,1561.8203477846375,0.73397143788142061,123626.0,0.068346456692913407,0.04
968664685.995,968666392.995,0.005,1066.6908112672184,134.80561212677546,0.40641753201329439,2.7769956098115742e-14,8.372201159473864e-17,14.755730068000348,14.752461669987081,0.01,0.02,1217.1427537907864,0.76511118402360423,111237.0,0.068346456692913407,0.04
968670599.995,968672306.995,0.005,1158.6657664000334,122.19661737806337,0.35157242104852776,2.5172503179881051e-14,7.2423918735996719e-17,14.862352039946717,14.859232748689143,0.01,0.02,1297.9265648830951,0.85324039684428254,122104.0,0.068346456692913407,0.04
968676514.995,968678221.995,0.005,1049.1293867175496,129.36850249187833,0.39107261558736789,2.6649911513326936e-14,8.0560958810997779e-17,14.800428622519934,14.797151463026214,0.01,0.02,1152.5157049169393,0.80627777167206327,110584.0,0.068346456692913407,0.04
968682430.995,968684136.995,0.005,1161.529415677441,124.00536177845323,0.3671338643434503,2.5545104526361365e-14,7.5629576054750761e-17,14.846398840714318,14.843189127715327,0.01,0.02,1314.0833271015567,0.79206597905010512,115400.0,0.068346456692913407,0.04
968688342.995,968690050.995,0.005,1094.8265591498835,106.83755321728691,0.33334378118675112,2.2008535962761102e-14,6.8668818924470732e-17,15.008190166761409,15.004807835790853,0.01,0.02,1691.0744455323315,0.87820093302155311,104413.0,0.068346456692913407,0.04
968735750.995,968737366.995,0.005,1276.9265491881195,155.68561684901599,0.43655034167253848,3.207123707089729e-14,8.9929370384542923e-17,14.599378770629169,14.59633857185859,0.01,0.02,1637.2185714707923,0.6397553260549006,128820.0,0.068346456692913407,0.04
968741572.995,968743280.995,0.005,1206.457625828371,135.97332793151119,0.38976097858573783,2.8010505553891307e-14,8.0290761588661985e-17,14.74636568253373,14.743257924126048,0.01,0.02,1513.3500611292523,0.7418992637291717,123219.0,0.068346456692913407,0.04
968747490.995,968748881.995,0.005,660.528761538872,117.45898197784143,0.45353481961080105,2.4196550287435336e-14,9.3428172839825013e-17,14.905284418815274,14.901100226712423,0.01,0.02,872.46515979693538,0.86451638598025027,67946.0,0.068346456692913407,0.04
968753401.995,968755109.995,0.005,1217.2931778979598,136.58727120681434,0.38174715907446743,2.8136977868603751e-14,7.8639914769340286e-17,14.741474428470358,14.738444141860088,0.01,0.02,1475.6509492861746,0.76995157727873775,129493.0,0.068346456692913407,0.04
968759321.995,968761023.995,0.005,1134.697143188685,119.12936248749949,0.34700126054978458,2.4540648672424896e-14,7.1482259673255617e-17,14.889952955767399,14.886795008946727,0.01,0.02,1669.532095907716,0.8719202243881089,119532.0,0.068346456692913407,0.04
968765241.995,968766937.995,0.005,1186.876946698113,120.4711957748888,0.35272198716726488,2.4817066329627091e-14,7.2660729356456565e-17,14.877791947274481,14.874617715531096,0.01,0.02,1669.532095907716,0.81585402709178401,118324.0,0.068346456692913407,0.04
968771145.995,968772852.995,0.005,1144.9457539688678,105.35964136889061,0.32333038269358699,2.1704086121991465e-14,6.6606058834878913e-17,15.023314290820334,15.019987457702957,0.01,0.02,1394.8671381938659,0.88023035291723983,107578.0,0.068346456692913407,0.04
