tilename,tilenum,img,subvis,avaspra,avaspdec,fexptime,nexptime,minPhotoObsDate,maxPhotoObsdate,minmjd,maxmjd
AIS_398,50398,1,51,20.7261154266768,-71.4859321436694,208,208,2006-08-28 08:01:04.000,2006-10-09 10:45:05.000,53975.3340740741,54017.447974537
AIS_393,50393,1,54,22.8999683563042,-68.9608904709535,307,307,2005-09-02 10:48:31.000,2006-10-09 12:21:32.000,53615.4503587963,54017.5149537037
AIS_398,50398,1,61,23.3580063323234,-72.2692956273005,142,142,2006-08-28 08:03:33.000,2006-10-09 10:46:45.000,53975.3357986111,54017.4491319444
AIS_393,50393,1,53,23.434853544249,-68.032279866887,208,310,2005-09-02 10:46:12.000,2006-10-09 12:23:44.000,53615.44875,54017.5164814815
AIS_398,50398,1,60,23.9991880874284,-71.1021152451889,205.05,205.05,2006-08-28 07:58:38.000,2006-10-09 10:42:55.000,53975.3323842593,54017.4464699074
AIS_393,50393,1,66,24.6351672243665,-70.2720380365646,220,298,2005-09-02 11:12:39.000,2007-08-17 10:10:15.000,53615.4671180556,54329.4237847222
AIS_393,50393,1,65,25.0177177467388,-69.3889906311988,208,316,2005-09-02 10:50:57.000,2006-10-09 12:17:10.000,53615.4520486111,54017.5119212963
AIS_393,50393,1,77,27.3473958198315,-70.7548322650265,208,314.05,2005-09-02 11:10:13.000,2006-10-09 10:40:43.000,53615.4654282407,54017.4449421296
AIS_393,50393,1,76,27.6694287600871,-69.9098749294188,212,318,2005-09-02 10:53:23.000,2007-08-17 10:07:51.000,53615.4537384259,54329.4221180556
AIS_398,50398,1,80,30.0853059047552,-71.2092536070347,205.05,317.05,2005-09-02 11:07:48.000,2006-10-09 10:38:29.000,53615.46375,54017.4433912037
AIS_393,50393,1,88,30.3257113140332,-70.3016269359861,216,282.05,2005-09-02 10:56:23.000,2007-08-17 10:05:30.000,53615.4558217593,54329.4204861111
AIS_269,50269,1,69,31.303689532362,-3.65534048142963,344,344,2003-11-21 15:45:50.000,2007-11-01 13:35:03.000,52964.6568287037,54405.5660069444
AIS_269,50269,1,79,31.8125452795986,-4.47202811068171,112,112,2003-11-21 15:43:23.000,2003-11-21 15:45:15.000,52964.6551273148,52964.6564236111
AIS_269,50269,1,68,31.8438469588526,-2.83010324655628,337,337,2003-11-21 15:48:15.000,2007-11-01 13:42:50.000,52964.6585069444,54405.571412037
AIS_269,50269,1,67,32.305525475794,-1.86957364037118,314,320,2003-11-21 15:50:42.000,2007-11-01 13:22:11.000,52964.6602083333,54405.5570717593
AIS_269,50269,1,78,32.3532621961902,-3.66038181880769,325,325,2003-11-21 15:41:01.000,2007-11-01 13:37:34.000,52964.6534837963,54405.5677546296
AIS_398,50398,1,89,32.9807169015529,-71.6155646721004,203.05,315.05,2005-09-02 11:05:22.000,2006-10-09 10:36:21.000,53615.4620601852,54017.4419097222
AIS_393,50393,1,99,33.0862930862062,-70.6892607589327,216,307,2005-09-02 10:58:13.000,2007-08-17 10:03:08.000,53615.4570949074,54329.4188425926
AIS_284,50284,1,6,33.4082926253966,-3.67663698987962,95.05,95.05,2003-11-21 15:38:29.000,2003-11-21 15:40:04.000,52964.651724537,52964.6528240741
AIS_284,50284,1,5,33.9351648181941,-2.8627234847161,112,112,2003-11-21 15:33:32.000,2003-11-21 15:35:24.000,52964.648287037,52964.6495833333
AIS_185,50185,1,84,33.943419041625,-1.18902039640405,110,110,2003-11-21 15:23:49.000,2003-11-21 15:25:39.000,52964.6415393519,52964.6428125
AIS_284,50284,1,4,34.4463332349647,-2.04563343995371,112,112,2003-11-21 15:26:07.000,2003-11-21 15:27:59.000,52964.6431365741,52964.6444328704
AIS_284,50284,1,12,34.446577686021,-3.70619090260571,112,112,2003-11-21 15:36:00.000,2003-11-21 15:37:52.000,52964.65,52964.6512962963
XMMLSS_06_css13720,52297,1,-999,34.4724079355731,-3.39190368985241,1063.15,1127.15,2005-11-23 05:10:27.000,2005-11-23 05:29:14.000,53697.2155902778,53697.2286342593
XMMLSS_06_css18948,52298,1,-999,34.5178704563648,-3.37129996281907,1112.3,1112.3,2006-11-16 05:30:50.000,2006-11-16 05:49:22.000,54055.2297453704,54055.2426157407
XMMLSS_21,6895,1,-999,34.8424923775821,-2.98133116419746,11324.65,11324.65,2006-11-18 03:31:05.000,2006-11-19 16:06:59.000,54057.1465856482,54058.6715162037
XMMLSS_21_css18992,52315,1,-999,34.8503029604851,-2.79670182839676,1099,1099,2006-11-19 05:49:07.000,2006-11-19 06:07:26.000,54058.2424421296,54058.255162037
XMMLSS_21_css18977,52313,1,-999,34.8566333772525,-2.82089722013491,989,989,2006-11-18 05:10:06.000,2006-11-18 05:26:35.000,54057.2153472222,54057.2267939815
XMMLSS_21_css18984,52314,1,-999,34.9665007547442,-3.17457613853046,1611.2,1611.2,2006-11-18 16:40:18.000,2006-11-18 17:07:09.000,54057.6946527778,54057.7132986111
AIS_284,50284,1,11,34.9681729819869,-2.89056184696212,109.05,109.05,2003-11-21 15:31:05.000,2003-11-21 15:32:54.000,52964.6465856481,52964.6478472222
XMMLSS_19_css13634,52305,1,-999,35.2416694141273,-2.69765300639849,1176,1260,2005-11-17 07:50:33.000,2005-11-17 08:11:33.000,53691.3267708333,53691.3413541667
XMMLSS_19_css18950,52308,1,-999,35.2906412229138,-2.88768183108784,1650.15,1650.15,2006-11-16 08:48:01.000,2006-11-16 09:15:31.000,54055.3666782407,54055.385775463
XMMLSS_19_css18933,52307,1,-999,35.3853022508649,-2.90927633716397,1060.05,1060.05,2006-11-15 04:51:58.000,2006-11-15 05:09:38.000,54054.2027546296,54054.2150231482
XMMLSS_19,6891,1,-999,35.4293008915045,-3.15115053876058,24319.7,24752.75,2004-11-14 21:39:38.000,2007-11-12 12:38:28.000,53323.9025231482,54416.526712963
XMMLSS_19_css19048,52309,1,-999,35.4391703201647,-2.96165708143673,224,224,2006-11-23 01:51:45.000,2006-11-23 01:55:29.000,54062.0776041667,54062.0801967593
AIS_284,50284,1,10,35.4862362483561,-2.06450001512508,112,112,2003-11-21 15:28:38.000,2003-11-21 15:30:30.000,52964.6448842593,52964.6461805556
AIS_398,50398,1,6,36.0458113835621,-72.8111352054454,254.25,318.25,2003-09-21 16:34:59.000,2006-10-09 10:31:51.000,52903.6909606481,54017.4387847222
AIS_393,50393,1,21,36.1501114556139,-71.0069287106979,213,321.05,2005-09-02 11:00:34.000,2007-08-17 10:00:43.000,53615.4587268519,54329.4171643519
AIS_403,50403,1,94,36.1798515687045,-71.950384038829,208,318,2005-09-02 11:03:00.000,2006-10-09 10:34:09.000,53615.4604166667,54017.4403819444
AIS_403,50403,1,25,39.0709922777786,-71.6175679529588,198,199,2006-08-28 07:36:31.000,2006-10-09 10:23:14.000,53975.317025463,54017.4328009259
AIS_403,50403,1,36,39.2116797710814,-72.5260970791259,208,208,2006-08-28 07:43:50.000,2006-10-09 10:29:47.000,53975.3221064815,54017.437349537
AIS_403,50403,1,24,41.9465994484841,-71.2216311490075,208,208,2006-08-28 07:38:56.000,2006-10-09 10:25:25.000,53975.3187037037,54017.4343171296
AIS_403,50403,1,35,42.3271890829088,-72.1431017267953,208,208,2006-08-28 07:41:22.000,2006-10-09 10:27:37.000,53975.3203935185,54017.4358449074
PS_CDFS_MOS00,8180,7,-999,53.1032558471802,-27.796382607231,1705,185705.4,2008-12-12 08:21:21.000,2010-12-08 09:21:25.000,54812.3481597222,55538.3898726852
CDFS_00,6051,1,-999,53.1273118243563,-27.8744513655764,87047.7,89294.35,2003-11-09 15:47:12.000,2006-12-03 15:26:09.000,52952.6577777778,54072.6431597222
NGA_NGC1399,5062,5,-999,54.6259035982125,-35.5097477411084,6556.05,6556.05,2003-12-06 10:28:00.000,2008-01-11 10:36:47.000,52979.4361111111,54476.4422106482
WDST_LB_227_ST_year2008,52005,1,-999,62.3510377747215,17.2137405823348,53025.4000000001,53036.5000000001,2008-11-22 13:31:39.000,2008-12-26 19:25:58.000,54792.5636458333,54826.8096990741
WDST_LB_227_ST_year2007_2,52059,1,-999,62.3563686953972,17.1798986592923,14807.95,60083.95,2007-12-11 03:11:55.000,2007-12-31 18:13:56.000,54445.133275463,54465.7596759259
WDST_LB_227_ST_year2007_1,52003,1,-999,62.3573849657515,17.1816141855893,2237.55,60105.7500000001,2007-11-10 09:15:17.000,2007-12-11 01:56:25.000,54414.3856134259,54445.0808449074
WDST_LB_227_ST_year2009,52017,1,-999,62.367689695942,17.2119404979238,0,17645.6,2009-11-29 03:25:29.000,2009-12-06 21:33:25.000,55164.1426967593,55171.8982060185
WDST_LB_227p,30067,7,-999,62.3683200242719,17.1340279648515,2586.35,13278.55,2007-11-07 07:18:58.000,2008-11-27 10:29:03.000,54411.304837963,54797.4368402778
AIS_198,50198,1,42,113.163154423346,19.4794244619519,208,208,2006-01-04 14:44:59.000,2007-02-15 04:16:19.000,53739.6145717593,54146.1779976852
AIS_198,50198,1,30,113.166143528439,21.2640160035478,208,208,2006-01-04 14:40:05.000,2007-02-15 04:11:39.000,53739.6111689815,54146.1747569444
MISMWS_15236_0199,51021,1,-999,113.167792687134,21.2672665228071,295,295,2008-12-28 17:15:56.000,2009-01-20 02:44:08.000,54828.7193981481,54851.1139814815
MISMWS_15235_0199,51020,1,-999,113.668293863744,22.1453095247572,296.05,296.05,2008-12-28 17:13:16.000,2009-01-20 02:40:28.000,54828.7175462963,54851.1114351852
AIS_198,50198,1,29,113.673699826487,22.1524682564319,203.05,333.05,2004-02-07 19:10:17.000,2007-02-15 04:09:24.000,53042.7988078704,54146.1731944444
MISMWS_15281_0199,51025,1,-999,113.674856134137,20.342724235995,347.05,347.05,2008-12-28 17:26:18.000,2009-01-20 02:58:53.000,54828.7265972222,54851.124224537
AIS_198,50198,1,41,113.682485432703,20.3520561914263,212.05,212.05,2006-01-04 14:42:33.000,2007-02-15 04:13:59.000,53739.6128819444,54146.1763773148
AIS_198,50198,1,28,114.185669303935,23.0402297254752,203.05,331.05,2004-02-07 19:12:48.000,2007-02-15 04:06:56.000,53042.8005555556,54146.1714814815
AIS_198,50198,1,52,114.190038402279,19.4541864839621,208,208,2006-01-04 14:47:28.000,2007-02-15 04:18:45.000,53739.6162962963,54146.1796875
AIS_198,50198,1,40,114.19492593539,21.231805749918,213.05,213.05,2006-01-04 14:54:49.000,2007-02-15 04:25:42.000,53739.621400463,54146.1845138889
MISMWS_15280_0199,51022,1,-999,114.203848376142,21.2480392864348,299,299,2008-12-28 17:18:29.000,2009-01-20 02:47:42.000,54828.7211689815,54851.1164583333
MISMWS_15279_0199,51019,1,-999,114.703175525996,22.1084287187296,299,299,2008-12-28 17:10:40.000,2009-01-20 02:36:57.000,54828.7157407407,54851.1089930556
MISGCSAN_15326_2078,40259,1,-999,114.703695016722,20.3288995202425,1531.05,1531.05,2008-01-19 13:51:54.000,2008-01-19 14:17:25.000,54484.5777083333,54484.5954282407
AIS_198,50198,1,39,114.712527650843,22.1091310997987,208,208,2006-01-04 14:57:18.000,2007-02-15 04:28:00.000,53739.623125,54146.1861111111
AIS_198,50198,1,51,114.714035125773,20.3196222658048,221,225,2006-01-04 14:52:21.000,2007-02-15 04:23:27.000,53739.6196875,54146.1829513889
MISMWS_15326_0199,51024,1,-999,114.720660330837,20.324718597728,299,299,2008-12-28 17:23:42.000,2009-01-20 02:54:52.000,54828.7247916667,54851.1214351852
AIS_198,50198,1,50,115.220708198847,21.1967761882235,202.05,202.05,2006-01-04 14:59:46.000,2007-02-15 04:30:20.000,53739.624837963,54146.1877314815
MISMWS_15325_0199,51023,1,-999,115.231489653551,21.18911479143,292.05,292.05,2008-12-28 17:21:06.000,2009-01-20 02:51:18.000,54828.7229861111,54851.1189583333
AIS_198,50198,1,62,115.234480595538,19.407637534543,218,218,2006-01-04 14:49:55.000,2007-02-15 04:21:06.000,53739.6179976852,54146.1813194444
MISMWS_15324_0199,51018,1,-999,115.740145570646,22.0691791027932,287,288,2008-12-28 17:08:07.000,2009-01-20 02:33:26.000,54828.7139699074,54851.1065509259
AIS_198,50198,1,60,116.283522518729,21.1189032281487,205.05,205.05,2006-01-04 15:02:14.000,2007-02-15 04:33:05.000,53739.6265509259,54146.1896412037
GI1_092001_NGC2632_MOS01,21660,1,-999,129.136044069932,17.8688866324707,1690,1690,2005-02-17 19:58:02.000,2007-01-11 04:24:39.000,53418.8319675926,54111.1837847222
GI1_092002_NGC2632_MOS02,21661,1,-999,130.082683887456,17.8626154984162,1693,1693,2005-02-18 09:00:48.000,2005-02-18 09:29:01.000,53419.3755555556,53419.395150463
AIS_201,50201,1,8,130.97771917571,0.664043056381258,169,169,2006-02-20 12:52:53.000,2008-01-09 14:12:58.000,53786.536724537,54474.592337963
AIS_201,50201,1,3,131.462423019715,1.44356120075025,176,176,2006-02-20 12:50:29.000,2008-01-09 14:10:56.000,53786.5350578704,54474.5909259259
MISDR1_24292_0467,3358,1,-999,131.4626318183,1.44509080536411,3352.05,3352.05,2007-02-19 08:20:11.000,2007-02-20 04:31:31.000,54150.347349537,54151.1885532407
MISDR1_03333_0447,3276,1,-999,131.738620755443,51.4586434870073,0,4360.05,2005-01-09 20:33:22.000,2009-03-19 07:43:57.000,53379.8565046296,54909.3221875
AIS_201,50201,1,2,132.523008260326,1.37027374859836,141.05,141.05,2006-02-20 12:48:10.000,2008-01-09 14:08:59.000,53786.5334490741,54474.5895717593
AIS_197,50197,1,85,133.022124965681,2.16767806156424,152,152,2006-02-20 12:45:40.000,2008-01-09 14:07:43.000,53786.531712963,54474.5886921296
AIS_197,50197,1,75,133.48483990085,2.93618480872431,160,272,2006-02-20 12:43:15.000,2012-02-05 06:37:32.000,53786.5300347222,55962.2760648148
AIS_197,50197,1,74,134.556769450715,2.89568764258423,165.05,165.05,2006-02-20 12:40:51.000,2008-01-09 14:04:25.000,53786.5283680556,54474.586400463
AIS_197,50197,1,83,135.139565919949,2.06663127205593,167,167,2006-02-20 12:38:30.000,2008-01-09 14:02:54.000,53786.5267361111,54474.5853472222
AIS_197,50197,1,73,135.629924008706,2.86590391529721,107,107,2006-02-20 12:26:29.000,2006-02-20 12:28:16.000,53786.5183912037,53786.5196296296
AIS_197,50197,1,63,136.130885747004,3.67331778674365,155,155,2006-02-20 12:28:49.000,2008-01-09 13:56:30.000,53786.5200115741,54474.5809027778
AIS_197,50197,1,82,136.200072269099,2.03530619530653,160,160,2006-02-20 12:36:11.000,2008-01-09 14:01:20.000,53786.5251273148,54474.5842592593
AIS_197,50197,1,72,136.686693520272,2.84244549668839,155.05,155.05,2006-02-20 12:33:38.000,2008-01-09 13:59:43.000,53786.5233564815,54474.5831365741
AIS_197,50197,1,62,137.183559452552,3.6559358638832,237.15,237.15,2004-01-13 13:02:12.000,2008-01-09 13:58:05.000,53017.5431944445,54474.5820023148
AIS_118,50118,1,34,153.150113109888,71.7174031704489,111,111,2003-12-08 16:42:35.000,2003-12-08 16:44:26.000,52981.6962384259,52981.6975231481
AIS_118,50118,1,33,156.42028401841,72.1106628627217,112,112,2003-12-08 16:45:01.000,2003-12-08 16:46:53.000,52981.6979282407,52981.699224537
AIS_118,50118,1,71,157.129622085562,68.8212498562442,110,110,2007-02-19 20:02:07.000,2007-02-19 20:03:57.000,54150.8348032407,54150.8360763889
AIS_118,50118,1,62,157.822887308261,69.843877368641,90.05,96.3,2003-12-08 17:02:08.000,2003-12-08 17:03:44.000,52981.7098148148,52981.7109259259
AIS_118,50118,1,52,158.367791904293,70.7466834671297,106.1,106.1,2003-12-08 16:57:18.000,2003-12-08 16:59:04.000,52981.7064583333,52981.7076851852
AIS_118,50118,1,42,159.069342275291,71.700927032481,119,119,2003-12-08 16:52:20.000,2003-12-08 16:54:19.000,52981.7030092593,52981.7043865741
AIS_118,50118,1,79,159.54268478251,68.3135080212341,190,190,2003-12-08 17:09:33.000,2007-02-19 20:01:32.000,52981.7149652778,54150.8343981481
AIS_118,50118,1,32,159.902390865634,72.5082907440613,112,112,2003-12-08 16:47:26.000,2003-12-08 16:49:18.000,52981.6996064815,52981.7009027778
AIS_118,50118,1,70,160.078807825215,69.245520100229,179.1,179.1,2003-12-08 17:04:48.000,2007-02-19 20:06:18.000,52981.7116666667,54150.8377083333
AIS_118,50118,1,61,160.719748533942,70.09393065043,121,121,2003-12-08 16:59:40.000,2003-12-08 17:01:41.000,52981.7081018519,52981.7095023148
GI1_023015_HIP52546,21164,1,-999,161.171288511649,68.7775995183758,1703,1703,2006-01-06 15:53:17.000,2006-01-06 16:21:40.000,53741.6620023148,53741.681712963
AIS_118,50118,1,51,161.453908349661,71.0164623963342,111,111,2003-12-08 16:54:55.000,2003-12-08 16:56:46.000,52981.7048032407,52981.706087963
AIS_118,50118,1,41,162.260780979985,71.9221142757562,112,112,2003-12-08 16:49:55.000,2003-12-08 16:51:47.000,52981.7013310185,52981.7026273148
AIS_118,50118,1,78,162.265319726925,68.5936127053252,180,180,2003-12-08 17:07:06.000,2007-02-19 19:59:10.000,52981.7132638889,54150.8327546296
AIS_118,50118,1,69,163.024851696216,69.5974780945802,110,110,2007-02-19 20:06:50.000,2007-02-19 20:08:40.000,54150.8380787037,54150.8393518519
AIS_118,50118,1,85,164.454770766716,67.9771399251452,186,186,2003-12-07 18:08:57.000,2007-02-19 19:56:49.000,52980.7562152778,54150.8311226852
AIS_118,50118,1,68,166.066412492022,69.8426972591781,103.95,103.95,2007-02-19 20:09:16.000,2007-02-19 20:10:59.000,54150.8397685185,54150.8409606481
AIS_118,50118,1,91,166.315522035865,67.3521752234077,107,107,2007-02-19 19:52:40.000,2007-02-19 19:54:27.000,54150.8282407407,54150.8294791667
AIS_118,50118,1,59,167.03942712737,70.7441405642632,106,106,2007-02-19 20:11:36.000,2007-02-19 20:13:22.000,54150.8413888889,54150.8426157407
AIS_118,50118,1,84,167.163681108382,68.2564100939044,96,96,2007-02-19 19:50:26.000,2007-02-19 19:52:02.000,54150.8266898148,54150.8278009259
AIS_118,50118,1,49,168.126834815107,71.6421842102975,89.05,89.05,2007-02-19 20:14:03.000,2007-02-19 20:15:32.000,54150.8430902778,54150.8441203704
AIS_118,50118,1,39,169.349831800374,72.5399792551481,128,128,2007-02-19 20:16:25.000,2007-02-19 20:18:33.000,54150.8447337963,54150.8462152778
MISDR1_13062_0283,3061,1,-999,176.93167209936,0.505319033969221,2169.05,3283.05,2004-04-09 20:51:48.000,2009-02-27 07:45:12.000,53104.8693055556,54889.3230555556
ELAISN1_07,6366,1,-999,244.69825862457,55.0984964242172,4353.7,17996.55,2004-07-14 04:52:48.000,2006-07-21 06:12:03.000,53200.2033333333,53937.2583680556
AIS_4,50004,1,29,266.64533013335,60.4523499643555,179.05,179.05,2006-09-06 10:15:05.000,2007-07-12 12:48:22.000,53984.4271412037,54293.533587963
AIS_4,50004,1,38,267.2305798603,59.56089637514,186,186,2006-09-06 10:17:28.000,2007-07-12 12:50:12.000,53984.4287962963,54293.5348611111
AIS_4,50004,1,48,267.789988998959,58.6305459863634,182,182,2006-09-06 10:29:25.000,2007-07-12 12:59:18.000,53984.4370949074,54293.5411805556
AIS_4,50004,1,20,268.114531830137,61.1668516900784,177.05,177.05,2006-09-06 10:12:41.000,2007-07-12 12:46:25.000,53984.425474537,54293.5322337963
AIS_4,50004,1,57,268.312720761277,57.717778667984,169,169,2006-09-06 10:31:47.000,2007-07-12 13:01:08.000,53984.4387384259,54293.5424537037
AIS_4,50004,1,28,268.638982898275,60.2588323951645,186,186,2006-09-06 10:19:52.000,2007-07-12 12:52:02.000,53984.430462963,54293.5361342593
GI1_023020_HIP87820,21168,1,-999,269.087563853555,58.2224223486513,1612.45,4119.6,2005-06-20 10:09:16.000,2006-09-05 18:11:30.000,53541.4231018519,53983.7579861111
AIS_4,50004,1,37,269.205513771591,59.336339760167,183,183,2006-09-06 10:27:01.000,2007-07-12 12:57:28.000,53984.4354282407,54293.5399074074
AIS_4,50004,1,12,269.674979551495,61.8622869242055,160,167,2006-09-06 10:10:23.000,2007-07-12 12:44:37.000,53984.4238773148,54293.5309837963
AIS_4,50004,1,47,269.68900774131,58.4132362604643,160.15,160.15,2006-09-06 10:34:19.000,2007-07-12 13:02:57.000,53984.4404976852,54293.5437152778
AIS_4,50004,1,19,270.223303421773,60.9424153190892,185,185,2006-09-06 10:22:13.000,2007-07-12 12:53:49.000,53984.4320949074,54293.5373726852
AIS_4,50004,1,27,270.687493239367,60.0164828508784,178,178,2006-09-06 10:24:40.000,2007-07-12 12:55:38.000,53984.4337962963,54293.5386342593
AIS_4,50004,1,36,271.160153631631,59.084882255934,180,180,2006-09-06 10:36:33.000,2007-07-12 13:05:14.000,53984.4420486111,54293.5453009259
AIS_12,50012,1,13,272.726810644624,43.8091637027383,125,125,2007-05-28 01:44:15.000,2007-05-28 03:23:57.000,54248.0723958333,54248.1416319444
AIS_12,50012,1,5,273.704082323546,44.548191974481,121,121,2007-05-28 01:42:36.000,2007-05-28 03:22:18.000,54248.07125,54248.1404861111
AIS_12,50012,1,49,273.854900613272,39.9500600406286,128,128,2007-06-12 13:22:28.000,2007-06-12 13:24:36.000,54263.5572685185,54263.55875
AIS_12,50012,1,12,274.023685856353,43.6605317748447,119,119,2007-05-28 01:45:58.000,2007-05-28 03:25:33.000,54248.073587963,54248.1427430556
AIS_8,50008,1,95,274.764732561285,45.3384914738966,96,96,2006-09-07 02:36:33.000,2006-09-07 02:38:09.000,53985.1087152778,53985.1098263889
AIS_12,50012,1,39,274.879300964191,40.6823320179911,109,109,2007-06-12 13:20:00.000,2007-06-12 13:21:49.000,54263.5555555556,54263.5568171296
AIS_12,50012,1,4,275.018204655435,44.3469223421905,112,112,2007-05-28 01:41:00.000,2007-05-28 03:20:39.000,54248.0701388889,54248.1393402778
AIS_8,50008,1,61,275.110359089514,48.8714828315837,0,203,2011-06-21 20:20:10.000,2011-07-26 14:52:40.000,55733.847337963,55768.6199074074
AIS_12,50012,1,11,275.308725410709,43.4416740825559,128,128,2007-05-28 01:47:26.000,2007-05-28 03:27:11.000,54248.0746064815,54248.1438773148
AIS_8,50008,1,71,275.387489684063,47.9539891398542,0,170,2011-06-21 20:22:32.000,2011-07-26 14:54:30.000,55733.8489814815,55768.6211805556
AIS_12,50012,1,19,275.554658736743,42.4226304167973,108,108,2007-06-12 13:15:16.000,2007-06-12 13:17:04.000,54263.5522685185,54263.5535185185
AIS_8,50008,1,80,275.652324821405,46.9734444066707,174,174,2006-09-04 05:46:57.000,2007-07-18 02:05:05.000,53982.2409375,54299.0868634259
AIS_12,50012,1,28,275.837729751999,41.4830419630109,107,107,2007-06-12 13:17:39.000,2007-06-12 13:19:26.000,54263.5539236111,54263.555162037
AIS_8,50008,1,87,275.920811046805,46.0636060137926,173.05,173.05,2006-09-04 05:49:23.000,2007-07-18 02:06:41.000,53982.2426273148,54299.087974537
AIS_12,50012,1,38,276.061278788253,40.4690176924437,107,107,2007-06-12 13:05:48.000,2007-06-12 13:07:35.000,54263.5456944445,54263.5469328704
AIS_8,50008,1,94,276.112572919938,45.1012364447775,104.05,104.05,2006-09-07 02:38:51.000,2006-09-07 02:40:35.000,53985.1103125,53985.1115162037
AIS_8,50008,1,50,276.2727762848,49.5584469210724,0,207,2011-06-21 20:17:43.000,2011-07-26 14:50:29.000,55733.8456365741,55768.6183912037
AIS_8,50008,1,97,276.357534504289,44.1274588074425,125,125,2007-05-28 01:39:22.000,2007-05-28 03:19:05.000,54248.0690046296,54248.1382523148
AIS_8,50008,1,60,276.49835265983,48.6738882904304,0,256,2011-06-21 20:24:57.000,2011-07-26 14:57:26.000,55733.8506597222,55768.6232175926
AIS_13,50013,1,38,276.603959083752,43.2152022165553,127,127,2007-05-28 01:49:02.000,2007-05-28 03:28:47.000,54248.0757175926,54248.1449884259
AIS_8,50008,1,70,276.810451357737,47.6882321768952,174,174,2006-09-04 05:44:31.000,2007-07-18 02:03:27.000,53982.2392476852,54299.0857291667
AIS_13,50013,1,47,276.818132342452,42.2149487398995,90,90,2007-06-12 13:12:55.000,2007-06-12 13:14:25.000,54263.5506365741,54263.5516782407
AIS_8,50008,1,79,276.980228882967,46.7944524417672,157,157,2006-09-04 05:51:49.000,2007-07-18 02:08:06.000,53982.2443171296,54299.0889583333
AIS_13,50013,1,56,277.031040851808,41.2763054531607,110,110,2007-06-12 13:08:09.000,2007-06-12 13:09:59.000,54263.5473263889,54263.548599537
AIS_8,50008,1,86,277.256407702592,45.8071089776112,106,106,2006-09-07 02:41:14.000,2006-09-07 02:43:00.000,53985.1119675926,53985.1131944444
AIS_13,50013,1,65,277.267809197456,40.2778378722596,96,96,2007-06-12 13:03:32.000,2007-06-12 13:05:08.000,54263.5441203704,54263.5452314815
AIS_8,50008,1,93,277.455500597125,44.8295174804488,95,95,2006-09-07 02:43:47.000,2006-09-07 02:45:22.000,53985.1137384259,53985.114837963
AIS_13,50013,1,29,277.672452390325,43.9110054794571,123,123,2007-05-28 01:37:47.000,2007-05-28 03:17:28.000,54248.0679050926,54248.1371296296
AIS_8,50008,1,49,277.755454727014,49.3138805609525,0,207,2011-06-21 20:15:19.000,2011-07-26 14:48:19.000,55733.8439699074,55768.6168865741
AIS_13,50013,1,37,277.892054363354,42.9722408227794,107,107,2007-05-28 01:50:43.000,2007-05-28 03:30:18.000,54248.0768865741,54248.1460416667
AIS_8,50008,1,59,278.018560558274,48.3763858817725,158,158,2006-09-04 05:42:06.000,2007-07-18 02:01:32.000,53982.2375694444,54299.0843981481
AIS_13,50013,1,46,278.072610941398,42.0195380023092,107,107,2007-06-12 13:10:32.000,2007-06-12 13:12:19.000,54263.5489814815,54263.5502199074
AIS_8,50008,1,69,278.181533104815,47.4540176776103,144,144,2006-09-04 05:54:28.000,2007-07-18 02:09:54.000,53982.2461574074,54299.0902083333
AIS_13,50013,1,55,278.298359140149,41.0293552610579,108,108,2007-06-12 13:01:02.000,2007-06-12 13:02:50.000,54263.5423842593,54263.5436342593
AIS_8,50008,1,92,278.782317688196,44.6268818777812,106,106,2006-09-07 02:45:59.000,2006-09-07 02:47:45.000,53985.1152662037,53985.1164930556
AIS_13,50013,1,28,278.991644791996,43.6844922329638,125,125,2007-05-28 01:36:10.000,2007-05-28 03:15:52.000,54248.0667824074,54248.1360185185
AIS_13,50013,1,36,279.172797369433,42.7445283885389,176.05,176.05,2007-05-28 01:52:16.000,2007-05-28 03:32:26.000,54248.077962963,54248.1475231481
AIS_8,50008,1,48,279.262243369731,49.0593204425763,175,354.05,2006-09-04 05:39:39.000,2011-07-26 14:46:05.000,53982.2358680556,55768.6153356482
AIS_13,50013,1,45,279.34667483867,41.7755691498897,108,108,2007-06-12 12:58:39.000,2007-06-12 13:00:27.000,54263.5407291667,54263.5419791667
AIS_8,50008,1,58,279.425831607246,48.1592065025484,175,175,2006-09-04 05:56:40.000,2007-07-18 02:11:37.000,53982.2476851852,54299.091400463
MISKEP_10653_0009,40404,7,-999,279.624985358423,47.2146301207246,0,1529,2011-06-20 16:05:41.000,2011-06-20 16:31:10.000,55732.6706134259,55732.6883101852
AIS_8,50008,1,68,279.634830371759,47.2013720543864,176,176,2006-09-04 07:15:48.000,2007-07-17 12:49:19.000,53982.3026388889,54298.5342476852
AIS_8,50008,1,77,279.793465606411,46.2808174514708,176,176,2006-09-04 07:18:16.000,2007-07-17 12:50:57.000,53982.3043518519,54298.5353819445
AIS_8,50008,1,84,279.99012360781,45.3149333590372,107,107,2006-09-07 02:48:19.000,2006-09-07 02:50:06.000,53985.1168865741,53985.118125
KEPLER_10851_0014_css33380,52401,1,-999,280.055977034255,43.4868374700881,0,242.1,2009-07-31 10:24:13.000,2009-07-31 10:28:15.000,55043.4334837963,55043.4362847222
AIS_13,50013,1,21,280.132766724796,44.4165582891721,105,106,2007-05-28 01:34:46.000,2007-05-28 03:14:15.000,54248.0658101852,54248.1348958333
KEPLER_10800_0014,7400,7,-999,280.13430397426,44.3842491342962,0,1559.05,2011-06-21 11:48:15.000,2011-06-21 12:14:14.000,55733.4918402778,55733.5098842593
KEPLER_10851_0014_css33419,52404,1,-999,280.1461770061,43.3135284997409,0,204.05,2009-08-03 02:52:49.000,2009-08-03 02:56:13.000,55046.1200115741,55046.1223726852
KEPLER_10851_0014_css33388,52403,1,-999,280.24388812647,43.3199391011867,0,358.15,2009-07-31 23:52:49.000,2009-07-31 23:58:47.000,55043.9950115741,55043.9991550926
AIS_13,50013,1,27,280.285155949631,43.4881287893517,75,75,2006-09-07 03:02:32.000,2006-09-07 03:03:47.000,53985.1267592593,53985.1276273148
KEPLER_10851_0014_css33386,52402,1,-999,280.345101039312,43.3652540998309,0,567.3,2009-07-31 20:29:58.000,2009-07-31 20:39:25.000,55043.8541435185,55043.8607060185
AIS_13,50013,1,35,280.437653241485,42.5032226905519,96,96,2007-06-12 12:56:23.000,2007-06-12 12:57:59.000,54263.5391550926,54263.5402662037
MISKEP_10903_0014,40498,7,-999,280.444113804345,42.4811775408963,0,1090.55,2011-07-22 02:23:48.000,2011-07-22 20:28:42.000,55764.0998611111,55764.8532638889
AIS_8,50008,1,38,280.583841495357,49.7160009299715,172,172,2006-09-04 05:37:15.000,2007-07-18 01:58:32.000,53982.2342013889,54299.0823148148
MISKEP_10559_0009,40403,7,-999,280.703273754991,48.8151208033756,0,1513.1,2011-06-20 14:27:08.000,2011-06-20 14:52:21.000,55732.6021759259,55732.6196875
AIS_8,50008,1,47,280.725137205029,48.8083488218797,176,352,2006-09-04 05:59:05.000,2011-07-26 14:43:54.000,53982.2493634259,55768.6138194445
AIS_8,50008,1,57,280.871516822018,47.8672962559916,164,370,2006-09-04 07:13:28.000,2011-07-26 14:39:37.000,53982.3010185185,55768.6108449074
KEPLER_10605_0009_css33466,52397,1,-999,280.899710050598,47.8877831111397,0,1026.6,2009-08-06 07:42:33.000,2009-08-06 07:59:39.000,55049.3212152778,55049.3330902778
KEPLER_10652_0009,7416,7,-999,280.908879357007,46.9195659143598,0,115.1,2011-06-21 03:35:31.000,2011-06-21 03:37:26.000,55733.1496643518,55733.1509953704
AIS_8,50008,1,67,281.031061332061,46.9534747200055,158.95,350.95,2006-09-04 07:20:41.000,2011-07-26 14:37:27.000,53982.3060300926,55768.6093402778
MISKEP_10652_0009,40484,7,-999,281.036493941199,46.9568410585916,0,867.55,2011-06-20 11:10:28.000,2011-06-20 11:24:55.000,55732.4656018519,55732.4756365741
NGA_NGC6703,5333,1,-999,281.066827286604,45.2442562461578,1921.1,5275.1,2003-08-05 19:40:18.000,2006-06-16 14:43:43.000,52856.8196527778,53902.6136921296
AIS_8,50008,1,76,281.170394938859,46.0272364537869,0,196.05,2011-06-21 20:00:58.000,2011-07-26 14:35:15.000,55733.8340046296,55768.6078125
MISKEP_10700_0009,40487,7,-999,281.172488643474,46.015973621947,0,1441.2,2011-06-22 04:14:08.000,2011-07-23 01:28:42.000,55734.1764814815,55765.0615972222
MISKEP_10652_0009_css43919,52937,1,-999,281.191870957487,47.0463321798925,0,147.1,2011-07-22 23:40:09.000,2011-07-22 23:42:36.000,55764.9862152778,55764.9879166667
AIS_13,50013,1,15,281.290092270457,45.0555214840131,105,105,2006-09-07 02:50:43.000,2006-09-07 02:52:28.000,53985.1185532407,53985.1197685185
MISKEP_10749_0014,40491,7,-999,281.328455275707,45.0851448074631,0,1299.95,2011-07-29 16:32:47.000,2011-07-29 18:22:31.000,55771.6894328704,55771.7656365741
AIS_13,50013,1,20,281.393414554238,44.1367823698836,106,106,2006-09-07 02:53:04.000,2006-09-07 02:54:50.000,53985.1201851852,53985.121412037
MISKEP_10799_0014,40494,7,-999,281.451201323498,44.1690651345745,0,1296.95,2011-07-29 19:50:05.000,2011-07-30 00:56:53.000,55771.8264467593,55772.0395023148
AIS_13,50013,1,26,281.588215826856,43.2378097315885,110,110,2006-09-07 03:00:09.000,2006-09-07 03:01:59.000,53985.1251041667,53985.1263773148
MISGCSN1_10469_0009,61232,7,-999,281.938920370742,50.3485991913879,0,1998.95,2011-06-20 12:48:51.000,2011-07-24 02:10:31.000,55732.5339236111,55766.0906365741
KEPLER_11009_0014,7401,7,-999,281.941639215201,40.3570306444501,0,1860.5,2011-06-22 12:26:26.000,2011-07-21 16:41:12.000,55734.5183564815,55763.6952777778
AIS_8,50008,1,28,281.946035895804,50.3474336066853,164,164,2006-09-04 05:34:52.000,2007-07-18 01:56:54.000,53982.2325462963,54299.0811805556
GI4_056017_KEPLER_08,24115,1,-999,281.992882091697,43.370374586629,4702.1,4702.1,2008-05-22 18:54:07.000,2008-07-12 09:39:55.000,54608.7875810185,54659.4027199074
GI5_055005_KEPLER_08B,25134,7,-999,281.997564982731,44.4715048024855,899.55,4646.65,2009-05-12 07:53:27.000,2011-06-09 05:49:43.000,54963.3287847222,55721.2428587963
AIS_8,50008,1,37,282.076853990679,49.4460448549665,172,172,2006-09-04 06:01:32.000,2007-07-18 02:15:22.000,53982.2510648148,54299.0940046296
MISKEP_10513_0009,40476,7,-999,282.082278261919,49.4366571747084,0,1306.85,2011-06-14 20:28:16.000,2011-07-23 21:08:05.000,55726.852962963,55765.8806134259
MISKEP_10558_0009,40479,7,-999,282.195709522993,48.5115590186778,0,1615.4,2011-06-17 20:45:28.000,2011-07-25 01:05:11.000,55729.8649074074,55767.0452662037
AIS_8,50008,1,46,282.195828069394,48.5075604510271,0,179.05,2011-06-21 20:08:11.000,2011-07-26 14:41:48.000,55733.8390162037,55768.6123611111
AIS_8,50008,1,56,282.334725920028,47.5859255656325,160,160,2006-09-04 07:23:07.000,2007-07-17 12:54:06.000,53982.3077199074,54298.5375694444
AIS_8,50008,1,66,282.417717386789,46.6859515051003,175,175,2006-09-04 07:37:42.000,2007-07-17 13:03:52.000,53982.3178472222,54298.5443518519
MISKEP_10651_0009,40483,7,-999,282.471045347535,46.6903411378954,0,639.5,2011-07-30 02:24:36.000,2011-07-30 02:35:15.000,55772.1004166667,55772.1078125
GI4_056020_KEPLER_03,24118,1,-999,282.499500492618,47.4701370459365,6434,6434,2008-05-18 06:24:53.000,2008-08-16 01:10:50.000,54604.2672800926,54694.0491898148
AIS_13,50013,1,19,282.739381726498,43.8492939563474,107,107,2006-09-07 02:55:26.000,2006-09-07 02:57:13.000,53985.1218287037,53985.1230671296
KEPLER_10798_0014,7402,7,-999,282.764889883271,43.8938295775379,0,1567,2011-06-21 15:05:20.000,2011-06-21 15:31:27.000,55733.6287037037,55733.6468402778
AIS_13,50013,1,25,282.803997144686,42.9443325047905,108,108,2006-09-07 02:57:48.000,2006-09-07 02:59:36.000,53985.1234722222,53985.1247222222
KEPLER_10849_0014,7403,1,-999,282.862400402493,42.9638754991449,0,1889.05,2009-07-31 18:45:59.000,2009-08-03 04:13:45.000,55043.7819328704,55046.1762152778
MISKEP_11008_0014,40499,7,-999,283.151806531047,40.1355822631012,0,279.2,2011-07-22 15:14:47.000,2011-07-22 15:19:26.000,55764.6352662037,55764.6384953704
MISKEP_11063_0014,40500,7,-999,283.230720400031,39.1730816396221,0,1174.8,2011-07-06 21:44:15.000,2011-07-23 14:30:19.000,55748.9057291667,55765.6043865741
GI5_055010_KEPLER_13B,25139,1,-999,283.327656276111,40.479945129608,862.7,4966,2009-05-12 06:15:04.000,2009-07-29 09:27:01.000,54963.260462963,55041.3937615741
MISKEP_10512_0009,40475,7,-999,283.565711735299,49.1374555319791,0,1726.2,2011-06-14 23:46:00.000,2011-07-26 00:04:14.000,55726.9902777778,55768.0029398148
AIS_8,50008,1,36,283.590800129518,49.1490378416637,173,173,2006-09-04 07:27:59.000,2007-07-17 12:57:25.000,53982.311099537,54298.5398726852
MISKEP_10557_0009,40478,7,-999,283.663136916104,48.2094839055502,0,2191.7,2011-06-16 16:49:53.000,2011-07-27 18:44:09.000,55728.7013078704,55769.7806597222
AIS_8,50008,1,45,283.673099574674,48.2062372487872,157.05,157.05,2006-09-04 07:25:33.000,2007-07-17 12:55:48.000,53982.3094097222,54298.53875
AIS_8,50008,1,55,283.725742181242,47.3236366825549,172,172,2006-09-04 07:35:18.000,2007-07-17 13:02:14.000,53982.3161805556,54298.5432175926
MISKEP_10603_0009,40480,7,-999,283.737549014041,47.3239538592513,0,1369.85,2011-06-23 03:13:20.000,2011-07-24 00:25:19.000,55735.1342592593,55766.0175810185
KEPLER_10603_0009_css33473,52396,1,-999,283.809798895715,47.2936298117362,0,753.4,2009-08-06 19:20:02.000,2009-08-06 19:32:35.000,55049.8055787037,55049.8142939815
AIS_8,50008,1,65,283.812923733889,46.3950805309236,264.05,264.05,2006-07-17 10:08:47.000,2007-07-17 13:05:50.000,53933.4227662037,54298.5457175926
KEPLER_10747_0014,7423,1,-999,283.825464443382,44.4897639998139,0,358.15,2009-08-05 03:46:37.000,2009-08-05 03:52:35.000,55048.1573726852,55048.1615162037
MISKEP_10650_0009,40482,7,-999,283.859837431866,46.4166721639917,0,693.5,2011-07-30 05:41:28.000,2011-07-30 05:53:01.000,55772.2371296296,55772.245150463
KEPLER_10650_0009_css33487,52398,1,-999,283.865440470235,46.4005581178726,0,822.5,2009-08-07 18:17:15.000,2009-08-07 18:30:57.000,55050.7619791667,55050.7714930556
AIS_13,50013,1,10,283.898176722573,45.4894163523505,144,144,2006-07-17 10:05:51.000,2006-07-17 10:08:15.000,53933.4207291667,53933.4223958333
MISKEP_10698_0014,40486,7,-999,283.919575825596,45.4822907744848,0,1280.05,2011-07-30 13:55:05.000,2011-07-30 15:44:58.000,55772.5799189815,55772.6562268518
KEPLER_10747_0014_css33669,52400,1,-999,283.987668608226,44.5521091849228,0,700.6,2009-08-20 05:22:11.000,2009-08-20 05:33:51.000,55063.2237384259,55063.2318402778
KEPLER_10747_0014_css33453,52399,1,-999,283.990062204095,44.5629139453605,0,1094.55,2009-08-05 10:20:35.000,2009-08-05 10:38:49.000,55048.4309606481,55048.4436226852
MISKEP_10747_0014,40490,7,-999,284.00414524602,44.5633230222804,0,538.5,2011-07-31 01:26:08.000,2011-07-31 01:35:06.000,55773.0598148148,55773.0660416667
AIS_13,50013,1,13,284.017530452524,44.5560773500283,144,144,2006-07-17 10:02:55.000,2006-07-17 10:05:19.000,53933.4186921296,53933.4203587963
GI4_056005_KEPLER_13,24103,7,-999,284.047708930932,41.9019527336058,5552.05,5552.05,2008-05-22 17:15:31.000,2008-08-17 01:46:59.000,54608.7191087963,54695.0742939815
AIS_13,50013,1,18,284.074001331968,43.6114600943696,0,128,2011-06-09 20:35:31.000,2011-06-09 20:37:39.000,55721.8579976852,55721.8594791667
MISKEP_10797_0014,40493,7,-999,284.081623046822,43.6275424863969,0,666.45,2011-07-31 12:55:35.000,2011-07-31 13:06:41.000,55773.538599537,55773.5463078704
MISKEP_10848_0014,40496,7,-999,284.134110907009,42.7166581517465,0,514.5,2011-07-31 16:13:16.000,2011-07-31 16:21:50.000,55773.6758796296,55773.6818287037
AIS_13,50013,1,24,284.17832637086,42.7057869406573,0,128,2011-06-09 20:38:15.000,2011-06-09 20:40:23.000,55721.8598958333,55721.8613773148
MISKEP_10900_0014,40497,7,-999,284.216025103909,41.771259627866,0,1169.6,2011-07-06 03:19:58.000,2011-07-22 18:49:56.000,55748.1388657407,55764.7846759259
AIS_13,50013,1,32,284.239091101294,41.7678102000316,0,122.05,2011-06-09 20:40:57.000,2011-06-09 20:42:59.000,55721.8617708333,55721.8631828704
AIS_5,50005,1,81,284.560235241626,55.0934283980812,0,109,2011-09-10 04:48:45.000,2011-09-10 04:50:34.000,55814.2005208333,55814.2017824074
AIS_5,50005,1,86,284.655941090459,54.1998848891537,0,94,2011-09-10 04:51:20.000,2011-09-10 04:52:54.000,55814.2023148148,55814.2034027778
AIS_5,50005,1,91,284.736138186049,53.3232502905635,0,88.25,2011-09-10 04:53:33.000,2011-09-10 04:55:01.000,55814.2038541667,55814.2048726852
AIS_5,50005,1,94,284.804565794573,52.404516560269,0,93,2011-09-10 04:56:05.000,2011-09-10 04:57:38.000,55814.2056134259,55814.2066898148
GI5_055008_KEPLER_07B,25137,7,-999,284.992405730669,46.0349154617062,675.45,4539.7,2009-05-12 02:57:25.000,2011-07-24 23:25:50.000,54963.1232060185,55766.9762731481
AIS_9,50009,1,91,285.035628626107,48.8075093825946,176,176,2006-09-04 07:30:24.000,2007-07-17 12:59:03.000,53982.3127777778,54298.5410069444
MISKEP_10511_0010,40474,7,-999,285.049219291438,48.8376184428172,0,2013.3,2011-06-15 07:57:56.000,2011-07-27 08:50:55.000,55727.3318981482,55769.3686921296
AIS_9,50009,1,93,285.078717382281,47.9241853763205,170,170,2006-09-04 07:32:56.000,2007-07-17 13:00:38.000,53982.314537037,54298.5421064815
MISKEP_10556_0010,40477,7,-999,285.105421403672,47.9439575516143,0,1919.75,2011-06-21 06:53:02.000,2011-07-26 11:28:51.000,55733.2868287037,55768.4783680556
GI4_056016_KEPLER_07,24114,1,-999,285.112624534955,45.1755105751455,7067.15,7067.25,2008-05-22 15:37:20.000,2008-08-17 11:40:57.000,54608.6509259259,54695.4867708333
AIS_13,50013,1,9,285.295563750412,45.2001405384844,144,144,2006-07-17 09:59:59.000,2006-07-17 10:02:23.000,53933.4166550926,53933.4183217593
MISKEP_10746_0014,40489,7,-999,285.322859471538,44.2822753003315,0,688.5,2011-07-30 17:11:57.000,2011-07-30 17:23:25.000,55772.7166319444,55772.7245949074
AIS_13,50013,1,12,285.338031022649,44.2820612124409,0,128,2011-06-09 20:30:06.000,2011-06-09 20:32:14.000,55721.8542361111,55721.8557175926
MISKEP_10796_0014,40492,7,-999,285.390803552619,43.3585016601148,0,600.55,2011-07-31 04:42:50.000,2011-07-31 04:52:50.000,55773.196412037,55773.2033564815
AIS_13,50013,1,17,285.396374578887,43.3857354955611,0,128,2011-06-09 20:32:51.000,2011-06-09 20:34:59.000,55721.8561458333,55721.8576273148
MISKEP_10847_0014,40495,7,-999,285.425429453418,42.4452729051837,0,1344.65,2011-07-05 21:04:16.000,2011-07-23 09:35:33.000,55747.877962963,55765.3996875
AIS_13,50013,1,23,285.428681244365,42.4522834439008,0,151.05,2011-06-09 20:43:39.000,2011-06-09 20:46:10.000,55721.8636458333,55721.8653935185
KEPLER_11117_0014,7425,7,-999,285.53596244744,37.6436485150218,0,63,2010-07-03 23:55:40.000,2010-07-03 23:56:43.000,55380.9969907407,55380.9977199074
GI5_055009_KEPLER_02B,25138,7,-999,285.690370971883,48.0856357755109,1293.15,5457.35,2009-05-11 18:44:19.000,2011-06-09 15:50:08.000,54962.780775463,55721.6598148148
GI4_056019_KEPLER_02,24117,1,-999,285.744079553523,49.0039560004907,5711.35,5711.35,2008-05-22 10:41:15.000,2008-08-16 20:48:59.000,54608.4453125,54694.867349537
GI4_056010_KEPLER_18,24108,7,-999,286.0549500438,37.7037997174779,4537.95,5452.5,2008-05-22 07:24:20.000,2010-07-02 19:49:43.000,54608.3085648148,55379.8261921296
AIS_5,50005,1,76,286.246192885987,55.6362606047803,190,191,2006-09-13 11:29:08.000,2006-09-13 14:48:00.000,53991.4785648148,53991.6166666667
KEPLER_10510_0010,7426,7,-999,286.260112927337,48.5203671292898,0,171.05,2011-06-22 05:52:20.000,2011-06-22 05:55:11.000,55734.2446759259,55734.2466550926
AIS_5,50005,1,80,286.281715880622,54.7230899289377,0,102.05,2011-09-10 04:46:26.000,2011-09-10 04:48:08.000,55814.198912037,55814.2000925926
AIS_5,50005,1,93,286.398004427161,52.0796865103683,0,104,2011-09-10 04:58:17.000,2011-09-10 05:00:01.000,55814.2071412037,55814.2083449074
MISKEP_10340_0006,40470,7,-999,286.399309643912,52.0921888052531,0,2271.2,2011-06-11 11:55:45.000,2011-07-28 07:52:59.000,55723.4970486111,55770.3284606481
GI5_055003_KEPLER_12B,25132,7,-999,286.501326317503,42.5519837192135,869.65,4363.95,2009-05-13 00:19:47.000,2009-07-28 10:22:52.000,54964.0137384259,55040.4325462963
MISKEP_10510_0010,40473,7,-999,286.513569995447,48.5276748413618,0,1274.8,2011-06-22 02:35:35.000,2011-07-25 07:35:17.000,55734.1080439815,55767.3161689815
AIS_9,50009,1,90,286.543143788692,48.5038632270949,202,202,2006-09-06 15:27:36.000,2006-09-12 06:15:28.000,53984.6441666667,53990.2607407407
KEPLER_10555_0010,7404,7,-999,286.565441143012,47.6131030015382,0,2351.6,2011-06-20 19:22:52.000,2011-07-28 19:30:46.000,55732.8075462963,55770.8130324074
AIS_9,50009,1,92,286.568396726915,47.6161694626235,199.1,199.1,2006-09-06 15:29:57.000,2006-09-12 06:17:40.000,53984.6457986111,53990.2622685185
AIS_9,50009,1,96,286.61949389227,45.8218121121318,144,144,2006-07-17 09:57:02.000,2006-07-17 09:59:26.000,53933.4146064815,53933.4162731481
MISKEP_10648_0010,40481,7,-999,286.622925633334,45.8236060573308,0,1490.05,2011-06-24 08:47:10.000,2011-07-24 21:44:32.000,55736.366087963,55766.9059259259
AIS_9,50009,1,98,286.6454992796,44.9210758714529,143,143,2006-07-17 09:54:07.000,2006-07-17 09:56:30.000,53933.4125810185,53933.4142361111
MISKEP_10696_0010,40485,7,-999,286.658224938112,44.9202087062148,0,1255,2011-08-01 03:43:40.000,2011-08-01 05:32:17.000,55774.1553240741,55774.2307523148
MISKEP_10745_0014,40488,7,-999,286.662701423125,44.0016191151242,0,652.5,2011-08-01 11:56:49.000,2011-08-01 12:07:41.000,55774.4977893519,55774.5053356481
AIS_13,50013,1,11,286.671455550221,43.9980646163755,0,93,2011-06-09 20:28:00.000,2011-06-09 20:29:33.000,55721.8527777778,55721.8538541667
AIS_13,50013,1,16,286.699183920624,43.104620269218,136,136,2006-07-17 09:45:24.000,2006-07-17 09:47:40.000,53933.4065277778,53933.4081018518
MISKEP_11116_0014,40501,7,-999,286.818468868466,37.5240324079463,0,1335.95,2011-08-02 02:44:11.000,2011-08-02 04:34:11.000,55775.1140162037,55775.1904050926
GI4_056003_KEPLER_12,24101,1,-999,287.894796351977,43.501649071919,5458.45,5458.45,2008-05-22 09:02:31.000,2008-08-17 03:10:59.000,54608.3767476852,54695.1326273148
AIS_142,50142,1,23,287.956323980032,35.4446516184264,0,200,2011-06-11 18:44:31.000,2011-06-11 18:47:51.000,55723.7809143518,55723.7832291667
MISKEP_09469_0010,40465,7,-999,287.97534734854,43.7261272176249,0,1303.9,2011-08-01 23:27:10.000,2011-08-02 01:16:44.000,55774.9771990741,55775.053287037
MISKEP_09468_0014,40464,7,-999,287.982667145208,42.827151534058,0,1337.95,2011-06-26 05:08:25.000,2011-07-23 11:13:56.000,55738.2141782407,55765.4680092593
MISKEP_09467_0014,40463,7,-999,287.985628335422,41.9119520598657,0,1068.6,2011-06-27 05:46:41.000,2011-07-23 19:25:23.000,55739.2407523148,55765.8092939815
AIS_9,50009,1,81,287.985680341767,47.2964785976679,204,204,2006-09-06 15:13:17.000,2006-09-12 06:02:00.000,53984.634224537,53990.2513888889
AIS_9,50009,1,86,287.98916761123,51.7010426065209,0,106,2011-09-10 05:00:37.000,2011-09-10 05:02:23.000,55814.2087615741,55814.2099884259
KEPLER_09478_0010_css33008,52395,1,-999,287.989430965348,51.7189454633962,0,868.55,2009-07-05 23:13:54.000,2009-07-05 23:28:22.000,55017.9679861111,55017.9780324074
MISKEP_09470_0010,40466,7,-999,287.991022878169,44.6189324659589,0,1248.1,2011-08-02 14:14:46.000,2011-08-02 16:03:13.000,55775.593587963,55775.668900463
AIS_5,50005,1,53,287.993131909197,56.0888476019965,188,188,2006-09-13 11:31:22.000,2006-09-13 14:50:13.000,53991.4801157407,53991.6182060185
AIS_9,50009,1,80,287.993187788343,46.4132554653164,211,211,2006-09-06 15:10:56.000,2006-09-12 05:59:50.000,53984.6325925926,53990.2498842593
AIS_13,50013,1,7,287.993904337086,41.9096687551738,0,240,2011-06-19 23:42:39.000,2011-09-13 10:04:18.000,55731.9879513889,55817.4196527778
AIS_5,50005,1,50,287.995125538058,53.4651425454884,0,105,2011-09-10 05:10:07.000,2011-09-10 05:11:52.000,55814.2153587963,55814.2165740741
AIS_9,50009,1,83,287.996806997409,49.073511779982,207,207,2006-09-06 15:25:11.000,2006-09-12 06:13:13.000,53984.6424884259,53990.2591782407
AIS_9,50009,1,79,287.997410391892,45.5123355553748,198,199,2006-09-06 15:06:14.000,2006-09-12 05:55:18.000,53984.6293287037,53990.2467361111
AIS_13,50013,1,8,287.997626839863,42.8246942665318,0,214.2,2011-06-19 23:40:12.000,2011-09-13 10:01:11.000,55731.98625,55817.4174884259
MISKEP_09471_0010,40467,7,-999,287.999739269467,45.5140890372759,0,1284.95,2011-08-03 13:15:10.000,2011-08-03 15:03:48.000,55776.5521990741,55776.6276388889
AIS_5,50005,1,49,288.001485473724,52.6025043374975,0,112,2011-09-10 05:12:45.000,2011-09-10 05:14:37.000,55814.2171875,55814.2184837963
GI4_056015_KEPLER_06,24113,1,-999,288.005855475319,46.7580245390276,5800.05,5800.05,2008-05-22 13:58:19.000,2008-07-03 15:12:59.000,54608.5821643519,54650.6340162037
MISKEP_09474_0010,40468,7,-999,288.006739662262,48.2176405868473,0,1533.05,2011-08-05 21:06:37.000,2011-08-05 22:58:40.000,55778.8795949074,55778.9574074074
MISKEP_09475_0010,40469,7,-999,288.007804539212,49.0775313299589,0,867.5,2011-08-06 00:23:46.000,2011-08-06 00:38:13.000,55779.0165046296,55779.0265393518
AIS_9,50009,1,77,288.011250052122,43.7200630101313,144,144,2006-07-17 09:48:14.000,2006-07-17 09:50:38.000,53933.4084953704,53933.410162037
AIS_9,50009,1,82,288.011263666132,48.1788152795532,130,130,2006-09-06 15:32:22.000,2006-09-12 06:19:28.000,53984.6474768519,53990.2635185185
AIS_9,50009,1,78,288.015941712626,44.6203601944908,141,141,2006-07-17 09:51:12.000,2006-07-17 09:53:33.000,53933.4105555556,53933.4121875
GI5_055007_KEPLER_06B,25136,7,-999,288.174696699035,47.6860162286538,1309.05,4991.6,2009-05-12 04:36:01.000,2011-06-09 14:11:45.000,54963.1916782407,55721.5914930556
GI4_056009_KEPLER_17,24107,7,-999,288.847461231463,41.1345120813425,6016.45,7655.5,2008-05-21 16:36:28.000,2010-07-02 23:18:00.000,54607.6919907407,55379.9708333333
AIS_142,50142,1,1,289.112631196195,34.6571470270001,0,179.05,2011-06-11 18:40:43.000,2011-06-11 18:43:42.000,55723.778275463,55723.7803472222
AIS_14,50014,1,75,289.123581405438,35.6326149549767,0,184,2011-06-11 18:37:07.000,2011-06-11 18:40:11.000,55723.775775463,55723.7779050926
AIS_14,50014,1,64,289.137172572361,36.5803433493339,0,185,2011-06-11 18:33:28.000,2011-06-11 18:36:33.000,55723.7732407407,55723.7753819444
MISKEP_08570_0015,40448,7,-999,289.231380698123,41.2221096905852,0,267.1,2011-07-04 22:07:18.000,2011-07-04 22:11:45.000,55746.9217361111,55746.9248263889
AIS_14,50014,1,12,289.246878449299,41.2562584194909,0,237.05,2011-06-19 23:45:09.000,2011-09-13 10:07:05.000,55731.9896875,55817.4215856481
MISKEP_08517_0014,40443,7,-999,289.261690059055,42.171448248612,0,1957.05,2011-06-27 10:41:55.000,2011-07-27 03:55:32.000,55739.445775463,55769.1635648148
MISKEP_08465_0010,40438,7,-999,289.269097203763,43.0959398570909,0,1083.25,2011-06-26 06:46:33.000,2011-07-24 11:48:40.000,55738.2823263889,55766.4921296296
KEPLER_08465_0010_css33326,52393,1,-999,289.323606171787,43.0993284100222,0,887.6,2009-07-27 17:45:54.000,2009-07-27 18:00:41.000,55039.7402083333,55039.750474537
KEPLER_08414_0010,7405,7,-999,289.341561874407,44.0135484496758,0,1540.05,2011-06-21 16:44:18.000,2011-06-21 17:09:58.000,55733.6974305556,55733.7152546296
MISKEP_08364_0010,40434,7,-999,289.352130539298,44.9092770030427,0,712.5,2011-08-04 07:19:16.000,2011-08-04 07:31:08.000,55777.3050462963,55777.313287037
KEPLER_08465_0010_css33327,52394,1,-999,289.369785170347,43.0351125192718,0,622.3,2009-07-27 19:31:08.000,2009-07-27 19:41:30.000,55039.813287037,55039.8204861111
AIS_9,50009,1,51,289.386441217896,45.8094104605417,205,205,2006-09-06 15:08:31.000,2006-09-12 05:57:35.000,53984.6309143519,53990.2483217593
MISKEP_08315_0010,40431,7,-999,289.396149993267,45.8140594707249,0,1622.15,2011-08-05 12:53:45.000,2011-08-05 19:41:44.000,55778.5373263889,55778.8206481482
AIS_9,50009,1,43,289.405914161879,46.7207777289214,0,120,2011-09-10 06:30:07.000,2011-09-10 06:32:07.000,55814.2709143518,55814.2723032407
MISKEP_08267_0010,40426,7,-999,289.41699116332,46.7180058103611,0,826.5,2011-08-05 11:15:10.000,2011-08-05 11:28:56.000,55778.4688657407,55778.4784259259
MISKEP_08220_0010,40420,7,-999,289.419080762556,47.6308154269614,0,1124.7,2011-06-24 00:34:53.000,2011-07-24 08:35:27.000,55736.024224537,55766.3579513889
AIS_9,50009,1,35,289.448878903555,47.6150070764778,202,312,2006-09-06 15:15:40.000,2011-09-10 06:29:31.000,53984.6358796296,55814.2704976852
AIS_9,50009,1,27,289.484185053097,48.5448064805503,0,88,2011-09-10 06:25:28.000,2011-09-10 06:26:56.000,55814.2676851852,55814.2687037037
AIS_9,50009,1,20,289.512701722257,49.4105288493568,206,206,2006-09-06 15:22:49.000,2006-09-12 06:10:58.000,53984.6408449074,53990.2576157407
KEPLER_08129_0010,7406,7,-999,289.514473570217,49.3982944233115,0,1529.05,2011-06-20 17:44:14.000,2011-06-20 18:09:43.000,55732.7390509259,55732.7567476852
AIS_9,50009,1,8,289.544494752926,51.1703651007519,0,109,2011-09-10 05:02:58.000,2011-09-10 05:04:47.000,55814.2103935185,55814.2116550926
KEPLER_08000_0010,7407,7,-999,289.604681899311,52.0892779405932,0,2487.1,2011-06-17 07:36:34.000,2011-06-17 09:37:37.000,55729.3170601852,55729.4011226852
GI4_056018_KEPLER_01,24116,1,-999,289.606251224729,50.8241238001958,6216.1,6216.1,2008-05-19 10:21:54.000,2008-08-17 10:02:23.000,54605.431875,54695.4183217593
AIS_9,50009,1,3,289.615559553717,52.0661300897286,0,109,2011-09-10 05:05:21.000,2011-09-10 05:07:10.000,55814.2120486111,55814.2133101852
AIS_5,50005,1,46,289.675349441251,52.9678385943407,0,96,2011-09-10 05:07:50.000,2011-09-10 05:09:26.000,55814.2137731481,55814.2148842593
AIS_5,50005,1,31,289.709469062666,55.5992532117181,189.05,189.05,2006-09-13 11:33:32.000,2006-09-13 14:52:24.000,53991.4816203704,53991.6197222222
GI4_056018_KEPLER_01_css27168,53176,1,-999,289.719992323232,50.7887002791803,252.05,252.05,2008-06-01 02:20:48.000,2008-06-01 02:25:00.000,54618.0977777778,54618.1006944444
KEPLER_08849_0015,7408,7,-999,290.262539335594,36.8027332312532,0,3914.3,2010-07-04 19:11:39.000,2010-07-06 00:47:06.000,55381.7997569444,55383.0327083333
AIS_14,50014,1,63,290.270046865585,36.8089663259687,0,170.05,2011-06-11 18:30:00.000,2011-06-11 18:32:50.000,55723.7708333333,55723.7728009259
MISGCSN3_08849_0015,44621,1,-999,290.295926721248,36.8093094462598,0,1609,2009-07-10 00:09:08.000,2009-07-10 00:35:57.000,55022.0063425926,55022.0249652778
AIS_14,50014,1,20,290.443543790087,40.5670303327585,0,235,2011-06-19 23:47:41.000,2011-09-13 10:09:55.000,55731.9914467593,55817.4235532407
MISKEP_08623_0015,40453,7,-999,290.460002134556,40.5925674770237,0,690.5,2011-08-02 22:27:25.000,2011-08-02 22:38:55.000,55775.9357060185,55775.9436921296
MISKEP_08569_0015,40447,7,-999,290.50893905102,41.5064920649714,0,638.65,2011-08-03 21:28:09.000,2011-08-03 21:38:47.000,55776.8945486111,55776.9019328704
MISKEP_08516_0015,40442,7,-999,290.531206438903,42.454823937702,0,1034.55,2011-06-28 03:07:56.000,2011-07-23 12:51:23.000,55740.1305092593,55765.5356828704
MISKEP_08464_0010,40437,7,-999,290.57878430592,43.3741219986396,0,1052.6,2011-06-27 04:08:08.000,2011-07-24 13:29:22.000,55739.1723148148,55766.5620601852
MISKEP_08569_0015_css44094,52935,1,-999,290.58253403989,41.5697522941497,0,716.55,2011-08-03 23:06:45.000,2011-08-03 23:18:41.000,55776.9630208333,55776.9713078704
GI4_056014_KEPLER_05,24112,1,-999,290.692152432919,48.2877572139059,6163.75,6163.75,2008-05-21 18:15:05.000,2008-08-17 13:11:49.000,54607.760474537,54695.5498726852
GI4_056001_KEPLER_11,24099,1,-999,290.706631620954,44.1769923393298,6194,6194,2008-05-19 18:35:30.000,2008-08-17 06:45:13.000,54605.7746527778,54695.281400463
AIS_9,50009,1,50,290.769493352094,46.1102313811522,0,112,2011-09-10 06:32:47.000,2011-09-10 06:34:39.000,55814.2727662037,55814.2740625
MISKEP_08266_0010,40425,7,-999,290.823008063464,47.0233693348814,0,1019.1,2011-06-25 02:51:38.000,2011-07-24 10:12:30.000,55737.1191898148,55766.4253472222
AIS_9,50009,1,42,290.83391348772,47.0401368327651,0,112,2011-09-10 06:37:59.000,2011-09-10 06:39:51.000,55814.2763773148,55814.2776736111
AIS_9,50009,1,34,290.894823662717,47.9065002842448,207,207,2006-09-06 15:18:03.000,2006-09-12 06:06:28.000,53984.6375347222,53990.2544907407
MISKEP_08173_0010,40415,7,-999,290.937148595764,48.8333488412426,0,2150.45,2011-06-16 20:06:35.000,2011-07-28 01:18:55.000,55728.8379050926,55770.0548032407
KEPLER_08173_0010_css33043,52390,1,-999,290.967243300579,48.8706975399048,0,830.4,2009-07-08 08:43:37.000,2009-07-08 08:57:27.000,55020.3636226852,55020.3732291667
AIS_9,50009,1,26,290.979406389838,48.8280536730898,206,206,2006-09-06 15:20:26.000,2006-09-12 06:08:43.000,53984.6391898148,53990.2560532407
AIS_5,50005,1,45,291.212015238143,53.3190309684494,192,192,2006-09-13 11:44:42.000,2006-09-13 15:03:34.000,53991.489375,53991.6274768518
GI4_056012_KEPLER_21,24110,7,-999,291.242425621309,38.7470644443096,6381.1,7346.55,2008-05-20 06:05:55.000,2010-07-04 12:58:03.000,54606.2541087963,55381.5403125
AIS_5,50005,1,40,291.318770361659,54.2517462844149,192,192,2006-09-13 11:42:28.000,2006-09-13 15:01:21.000,53991.4878240741,53991.6259375
AIS_5,50005,1,35,291.373112652519,55.0694116760709,192,192,2006-09-13 11:35:46.000,2006-09-13 14:54:38.000,53991.4831712963,53991.6212731482
AIS_14,50014,1,40,291.528526887471,38.9373863569281,0,226.05,2011-06-19 23:52:42.000,2011-09-13 10:15:19.000,55731.9949305556,55817.4273032407
MISKEP_08733_0015,40459,7,-999,291.560398066325,38.9457983460805,0,1149,2011-08-03 01:44:58.000,2011-08-03 03:31:51.000,55776.0728935185,55776.1471180556
AIS_14,50014,1,29,291.605912836487,39.8686747942153,0,233,2011-06-19 23:50:11.000,2011-09-13 10:12:44.000,55731.9931828704,55817.4255092593
MISKEP_08677_0015,40455,7,-999,291.61584191714,39.8804881808733,0,641.15,2011-08-04 10:36:52.000,2011-08-04 10:47:33.000,55777.4422685185,55777.4496875
MISKEP_08622_0015,40452,7,-999,291.633963009915,40.8002915642055,0,127,2011-07-03 23:11:33.000,2011-07-03 23:13:40.000,55745.9663541667,55745.9678240741
MISKEP_08515_0015,40441,7,-999,291.736199792487,42.6807319957949,0,125.05,2011-06-27 23:50:46.000,2011-06-27 23:52:51.000,55739.993587963,55739.9950347222
MISKEP_08568_0015,40446,7,-999,291.800517251545,41.8172137469244,0,300.15,2011-06-28 06:29:47.000,2011-06-28 06:34:47.000,55740.2706828704,55740.2741550926
GI5_055004_KEPLER_05B,25133,7,-999,291.83458915223,49.300366046821,874.55,3369.8,2009-05-12 22:41:11.000,2011-06-20 06:17:29.000,54963.9452662037,55732.2621412037
KEPLER_08463_0010,7409,7,-999,291.907806744588,43.6311996527338,0,1642,2010-07-02 17:54:56.000,2010-07-02 18:22:18.000,55379.7464814815,55379.7654861111
GI5_055002_KEPLER_11B,25131,7,-999,292.170098398534,44.1966375010935,985.6,3444.75,2009-05-14 02:37:24.000,2010-07-02 13:18:56.000,54965.1093055556,55379.5548148148
AIS_9,50009,1,49,292.178283085976,46.3995718333851,0,112,2011-09-10 06:35:21.000,2011-09-10 06:37:13.000,55814.2745486111,55814.2758449074
AIS_9,50009,1,41,292.261453062546,47.3080886254107,0,121,2011-09-10 06:40:28.000,2011-09-10 06:42:29.000,55814.2781018519,55814.2795023148
GI4_056008_KEPLER_16,24106,1,-999,292.387474790955,42.3763160061453,6904.55,6904.55,2008-05-20 04:26:53.000,2008-08-17 04:59:26.000,54606.1853356481,54695.2079398148
KEPLER_08127_0010_css33036,52389,1,-999,292.514416357912,50.0531673128524,0,923.6,2009-07-07 21:13:45.000,2009-07-07 21:29:08.000,55019.8845486111,55019.8952314815
MISKEP_08127_0010,40412,7,-999,292.520026396123,50.0560585857911,0,1879.55,2011-06-14 12:15:15.000,2011-07-27 22:00:40.000,55726.5105902778,55769.9171296296
GI5_055006_KEPLER_16B,25135,7,-999,292.586935790548,41.0908759746302,1464.1,8946.55,2009-05-15 22:58:51.000,2010-07-03 17:22:26.000,54966.9575347222,55380.723912037
AIS_14,50014,1,39,292.746016756126,39.1370631815249,0,221,2011-06-19 23:55:30.000,2011-09-13 10:18:18.000,55731.996875,55817.429375
MISKEP_08676_0015,40454,7,-999,292.845349947819,40.0593683657502,0,125.75,2011-07-02 22:30:51.000,2011-07-02 22:32:56.000,55744.9380902778,55744.939537037
AIS_14,50014,1,28,292.856155919987,40.1090423974109,0,215.05,2011-06-19 23:57:45.000,2011-09-13 10:21:03.000,55731.9984375,55817.4312847222
AIS_5,50005,1,39,292.958903386704,54.5601530040373,192,192,2006-09-13 11:40:14.000,2006-09-13 14:59:06.000,53991.4862731481,53991.624375
AIS_5,50005,1,44,292.993973451324,53.6226955424009,171,171,2006-09-13 11:46:55.000,2006-09-13 15:05:52.000,53991.4909143519,53991.6290740741
AIS_5,50005,1,34,293.193990754205,55.4185663297199,176,176,2006-09-13 11:38:16.000,2006-09-13 14:56:51.000,53991.4849074074,53991.6228125
AIS_9,50009,1,64,293.287873592981,44.8037833634111,0,141.05,2011-09-10 06:50:49.000,2011-09-10 06:53:10.000,55814.2852893519,55814.2869212963
MISKEP_08411_0010,40401,7,-999,293.357926354408,44.8311087425487,0,1562.05,2011-06-21 18:22:26.000,2011-06-21 18:48:28.000,55733.7655787037,55733.7836574074
GI4_056002_KEPLER_10,24100,1,-999,293.406565538631,45.6650578189193,5067.6,5067.6,2008-05-20 11:01:23.000,2008-08-14 12:55:08.000,54606.4592939815,54692.538287037
AIS_9,50009,1,56,293.410214389133,45.7525431779991,0,121,2011-09-10 06:48:14.000,2011-09-10 06:50:15.000,55814.2834953704,55814.2848958333
MISKEP_08361_0010,40433,7,-999,293.438724232358,45.7667862905846,0,1406.6,2011-06-26 00:12:46.000,2011-07-25 19:05:10.000,55738.0088657407,55767.7952546296
AIS_9,50009,1,48,293.524886083976,46.687332166899,0,111.25,2011-09-10 06:45:41.000,2011-09-10 06:47:32.000,55814.281724537,55814.2830092593
AIS_9,50009,1,40,293.701180976927,47.5886846811296,0,120,2011-09-10 06:43:02.000,2011-09-10 06:45:02.000,55814.2798842593,55814.2812731481
AIS_14,50014,1,38,293.867315473095,39.3281243074976,0,219.05,2011-06-20 00:00:20.000,2011-09-13 10:23:47.000,55732.0002314815,55817.4331828704
AIS_9,50009,1,11,294.161923382162,51.2373695476325,0,336.05,2011-06-10 06:35:27.000,2011-09-15 08:26:56.000,55722.2746180556,55819.352037037
MISKEP_08082_0010,40409,7,-999,294.166215920634,51.2140239215273,0,1111.15,2011-06-14 00:45:03.000,2011-07-26 21:20:23.000,55726.0312847222,55768.8891550926
AIS_9,50009,1,5,294.235011478681,52.1821713172668,119,119,2006-09-13 11:53:38.000,2006-09-13 15:12:00.000,53991.4955787037,53991.6333333333
MISKEP_08039_0010,40400,7,-999,294.278430348291,52.1807510554483,0,2351.1,2011-06-17 04:19:31.000,2011-06-17 06:15:08.000,55729.1802199074,55729.2605092593
AIS_5,50005,1,48,294.371015335451,53.0974680459037,184.05,184.05,2006-09-13 11:51:23.000,2006-09-13 15:10:08.000,53991.4940162037,53991.632037037
GI5_055001_KEPLER_10B,25130,7,-999,294.505623440083,47.0571166341657,976.6,3935.5,2009-05-14 00:58:48.000,2011-07-25 20:43:42.000,54965.0408333333,55767.8636805556
GI6_079002_Kepler_BR_Cyg,26782,7,-999,294.571017963392,46.9047243847851,0,12565.1,2010-06-30 15:00:10.000,2010-07-01 19:10:56.000,55377.6251157407,55378.7992592593
GI4_056011_KEPLER_20,24109,7,-999,294.624139041184,39.7038872551714,0,2832.45,2011-06-10 22:46:31.000,2011-07-29 03:34:50.000,55722.9489699074,55771.1491898148
GI4_056011_KEPLER_20s,24231,1,-999,294.626551461049,39.6994151326403,11503.8,0,2008-07-11 15:15:54.000,2008-08-15 16:30:12.000,54658.6360416667,54693.6876388889
AIS_5,50005,1,43,294.654565648346,53.9349843769704,185,185,2006-09-13 11:49:09.000,2006-09-13 15:08:05.000,53991.4924652778,53991.6306134259
AIS_14,50014,1,37,295.127481741423,39.5687954561592,0,298,2011-06-20 00:02:47.000,2011-09-13 10:27:04.000,55732.0019328704,55817.435462963
KEPLER_08216_0010_css33050,52392,1,-999,295.252960919858,48.8127463412666,0,983.55,2009-07-08 20:13:32.000,2009-07-08 20:29:55.000,55020.8427314815,55020.8541087963
AIS_9,50009,1,31,295.256367677868,48.8065338698344,240,240,2006-07-19 16:03:06.000,2006-09-11 18:28:03.000,53935.6688194444,53989.7694791667
MISKEP_08619_0015,40451,7,-999,295.394906496301,41.5447561916965,0,1107.65,2011-07-02 04:02:57.000,2011-07-25 10:52:15.000,55744.1687152778,55767.4529513889
AIS_14,50014,1,16,295.398491911651,41.5275266363486,0,182.15,2011-06-11 07:13:53.000,2011-06-11 07:16:55.000,55723.3013078704,55723.3034143519
MISKEP_08170_0010,40414,7,-999,295.407427850507,49.7245685990138,0,1961.65,2011-06-15 17:49:26.000,2011-07-28 06:11:14.000,55727.742662037,55770.2578009259
AIS_9,50009,1,23,295.416884088116,49.7268872863669,234,234,2006-07-19 16:05:34.000,2006-09-11 18:30:44.000,53935.6705324074,53989.7713425926
MISKEP_08125_0010,40411,7,-999,295.566165885737,50.6448377338971,0,1477.75,2011-06-13 09:57:32.000,2011-07-27 05:29:51.000,55725.4149537037,55769.2290625
AIS_9,50009,1,16,295.595251447275,50.6486817159357,0,297.05,2011-06-10 06:32:43.000,2011-09-15 08:22:32.000,55722.2727199074,55819.3489814815
GI4_056013_KEPLER_04,24111,1,-999,295.739566659795,49.6082190951566,6719.1,6719.1,2008-05-19 16:56:27.000,2008-08-17 08:23:43.000,54605.7058680556,54695.3498032407
MISKEP_08081_0010,40408,7,-999,295.753981499088,51.5651860344629,0,1879.15,2011-06-13 01:44:26.000,2011-07-27 17:05:29.000,55725.0725231482,55769.7121412037
AIS_9,50009,1,10,295.754287374054,51.5741808899282,0,316,2011-06-10 06:30:04.000,2011-09-15 08:18:36.000,55722.2708796296,55819.34625
AIS_9,50009,1,4,295.923556267562,52.4702320784209,0,302,2011-06-10 06:27:24.000,2011-09-15 08:14:41.000,55722.2690277778,55819.3435300926
GI4_056007_KEPLER_15,24105,7,-999,296.345827886641,42.9226359916638,436.35,3444.25,2008-05-21 11:40:39.000,2011-06-18 16:42:28.000,54607.4865625,55730.6961574074
GI4_056007_KEPLER_15s,24230,1,-999,296.346532653544,42.9132022566606,11380.3,0,2008-07-11 11:58:42.000,2008-08-15 14:51:36.000,54658.4990972222,54693.6191666667
GI4_056004_KEPLER_09,24102,1,-999,296.403320536589,48.1001343952623,6013,6013,2008-05-20 01:10:02.000,2008-08-16 19:09:31.000,54606.0486342593,54694.798275463
AIS_9,50009,1,38,296.557219593507,48.1500703084667,232.05,232.05,2006-07-19 16:00:42.000,2006-09-11 18:25:19.000,53935.6671527778,53989.7675810185
MISKEP_08618_0015,40450,7,-999,296.580601875742,41.7870106139063,0,116.2,2011-07-01 03:24:27.000,2011-07-01 03:26:23.000,55743.1419791667,55743.1433217593
AIS_14,50014,1,15,296.667129641117,41.771435822497,0,171.05,2011-06-11 07:10:14.000,2011-06-11 07:13:05.000,55723.2987731481,55723.3007523148
AIS_9,50009,1,30,296.74350222023,49.0750641933257,240,240,2006-07-19 16:08:00.000,2006-09-11 18:33:27.000,53935.6722222222,53989.7732291667
MISKEP_08564_0015,40445,7,-999,296.786777834974,42.7460738586379,0,737.45,2011-06-30 20:50:12.000,2011-07-01 05:08:40.000,55742.8681944444,55743.2143518519
AIS_14,50014,1,6,296.837899479689,42.7211228480452,0,176,2011-06-11 07:06:36.000,2011-06-11 07:09:32.000,55723.29625,55723.298287037
MISKEP_08169_0010,40413,7,-999,296.920961908785,50.0035737528209,0,1754.7,2011-06-14 08:59:31.000,2011-07-27 07:13:08.000,55726.3746643519,55769.300787037
AIS_9,50009,1,22,296.934055511752,50.0048708867432,167,167,2006-07-19 16:22:56.000,2006-09-11 18:49:07.000,53935.6825925926,53989.7841087963
AIS_9,50009,1,15,297.109988261604,50.9407642536836,0,304.05,2011-06-10 06:19:28.000,2011-09-15 08:03:03.000,55722.2635185185,55819.3354513889
MISKEP_08124_0010,40410,7,-999,297.11947977956,50.9269590302246,0,1781.55,2011-06-12 10:56:21.000,2011-07-27 10:30:15.000,55724.4557986111,55769.4376736111
AIS_9,50009,1,9,297.326188254958,51.8539191613325,0,324,2011-06-10 06:22:06.000,2011-09-15 08:07:01.000,55722.2653472222,55819.3382060185
AIS_20,50020,1,52,297.544780173532,52.7777819222846,0,304.05,2011-06-10 06:24:50.000,2011-09-15 08:10:54.000,55722.2672453704,55819.3409027778
MISKEP_08563_0015,40444,7,-999,298.051427108174,42.9690394243428,0,195.2,2011-06-30 04:24:36.000,2011-06-30 04:27:51.000,55742.18375,55742.1860069444
AIS_14,50014,1,5,298.080416627869,42.9621530443,0,173.05,2011-06-11 07:03:03.000,2011-06-11 07:05:56.000,55723.2937847222,55723.295787037
KEPLER_08214_0010_css33057,52391,1,-999,298.209583481557,49.4162270213584,0,695.4,2009-07-09 07:43:27.000,2009-07-09 07:55:02.000,55021.3218402778,55021.3298842593
MISKEP_08214_0010,40418,7,-999,298.226555314228,49.352185448218,0,1266.75,2011-06-25 07:47:17.000,2011-07-25 22:24:47.000,55737.3245023148,55767.9338773148
AIS_9,50009,1,29,298.230490216801,49.3289558383239,239,239,2006-07-19 16:10:32.000,2006-09-11 18:36:08.000,53935.6739814815,53989.7750925926
AIS_9,50009,1,21,298.465242703917,50.2813308694035,240,240,2006-07-19 16:20:19.000,2006-09-11 18:46:57.000,53935.680775463,53989.7826041667
AIS_14,50014,1,13,299.168921118681,42.2173762779866,0,176,2011-06-11 06:59:21.000,2011-06-11 07:02:17.000,55723.2912152778,55723.2932523148
GI4_056006_KEPLER_14,24104,7,-999,299.234119781062,45.0497357738172,5159.15,7573.15,2008-05-21 10:02:02.000,2010-07-04 01:14:43.000,54607.4180787037,55381.0518865741
AIS_9,50009,1,36,299.451824889172,48.6365892777715,230.1,230.1,2006-07-19 16:12:56.000,2006-09-11 18:38:51.000,53935.6756481482,53989.7769791667
AIS_19,50019,1,51,299.621529162757,44.1442080287564,0,96,2011-09-05 14:42:44.000,2011-09-05 14:44:20.000,55809.6130092593,55809.6141203704
MISKEP_08213_0010,40417,7,-999,299.703535123114,49.5920037825338,0,2079.8,2011-06-17 17:28:21.000,2011-07-28 02:57:14.000,55729.7280208333,55770.1230787037
AIS_9,50009,1,28,299.734668526018,49.6125903923214,240,240,2006-07-19 16:17:51.000,2006-09-11 18:44:16.000,53935.6790625,53989.7807407407
AIS_19,50019,1,40,299.86819457586,45.1017505253583,0,112,2011-09-05 14:44:55.000,2011-09-05 14:46:47.000,55809.614525463,55809.6158217593
MISKEP_08406_0020,40435,7,-999,300.105830198616,46.0885194980333,0,1366.75,2011-06-27 00:51:00.000,2011-07-26 08:12:19.000,55739.0354166667,55768.3418865741
AIS_19,50019,1,30,300.115340658948,46.0511859410326,0,110,2011-09-05 14:47:20.000,2011-09-05 14:49:10.000,55809.6162037037,55809.6174768518
AIS_19,50019,1,21,300.360603371387,46.9972168065564,0,109,2011-09-05 14:49:43.000,2011-09-05 14:51:32.000,55809.6178587963,55809.6191203704
MISKEP_08356_0020,40432,7,-999,300.370875442101,47.0189772164867,0,1399.85,2011-06-26 23:12:28.000,2011-07-26 06:34:20.000,55738.9669907407,55768.2738425926
MISKEP_08307_0020,40427,7,-999,300.564597938809,47.9554072278592,0,192.05,2011-06-26 01:50:54.000,2011-06-26 01:54:06.000,55738.0770138889,55738.0792361111
AIS_19,50019,1,12,300.642972263124,47.9451160930675,0,109,2011-09-05 14:52:05.000,2011-09-05 14:53:54.000,55809.6195023148,55809.6207638889
AIS_14,50014,1,54,300.682092084484,38.762386617979,0,106,2011-09-07 12:42:24.000,2011-09-07 12:44:10.000,55811.5294444444,55811.5306712963
AIS_14,50014,1,43,300.871137139137,39.6990003886981,0,106,2011-09-07 12:44:46.000,2011-09-07 12:46:32.000,55811.531087963,55811.5323148148
MISKEP_08508_0020,40439,7,-999,300.934770963978,44.375615124453,0,1298.9,2011-06-28 22:50:32.000,2011-07-26 04:56:32.000,55740.9517592593,55768.2059259259
AIS_19,50019,1,50,300.93718251084,44.372977123935,0,108,2011-09-05 15:01:38.000,2011-09-05 15:03:26.000,55809.6261342593,55809.6273842593
AIS_19,50019,1,4,300.943082794064,48.8668937539293,237,237,2006-07-19 16:15:23.000,2006-09-11 18:41:34.000,53935.677349537,53989.7788657407
AIS_14,50014,1,32,301.152149284519,40.6919285787928,0,98.05,2011-09-07 12:47:09.000,2011-09-07 12:48:47.000,55811.5327430556,55811.5338773148
AIS_19,50019,1,39,301.209099719029,45.3283710900966,0,106,2011-09-05 14:59:17.000,2011-09-05 15:01:03.000,55809.6245023148,55809.6257291667
AIS_19,50019,1,83,301.417436954461,41.6658791073417,0,109,2011-09-07 12:49:31.000,2011-09-07 12:51:20.000,55811.5343865741,55811.5356481482
AIS_19,50019,1,29,301.456951917071,46.2697055366568,0,107,2011-09-05 14:56:53.000,2011-09-05 14:58:40.000,55809.6228356482,55809.6240740741
AIS_19,50019,1,72,301.713261226041,42.6551976310857,0,108,2011-09-07 12:51:54.000,2011-09-07 12:53:42.000,55811.5360416667,55811.5372916667
AIS_19,50019,1,20,301.76889007139,47.2260847628122,0,103.05,2011-09-05 14:54:29.000,2011-09-05 14:56:12.000,55809.6211689815,55809.6223611111
AIS_19,50019,1,61,301.968193824717,43.6057170533734,0,108,2011-09-05 15:04:02.000,2011-09-05 15:05:50.000,55809.6278009259,55809.6290509259
AIS_19,50019,1,71,302.959107284818,42.8349709975509,0,100.05,2011-09-07 12:54:23.000,2011-09-07 12:56:03.000,55811.5377662037,55811.5389236111
AIS_19,50019,1,60,303.294901086,43.8096135621413,0,110,2011-09-05 15:06:24.000,2011-09-05 15:08:14.000,55809.6294444445,55809.6307175926
AIS_19,50019,1,70,304.261298191463,43.0352090936361,0,102.05,2011-09-07 12:56:39.000,2011-09-07 12:58:21.000,55811.5393402778,55811.5405208333
AIS_19,50019,1,59,304.608259525163,43.9913769234571,0,137,2011-09-05 15:08:47.000,2011-09-05 15:11:04.000,55809.631099537,55809.6326851852
AIS_19,50019,1,80,305.230013830775,42.3027587354969,0,101.05,2011-09-07 12:59:09.000,2011-09-07 13:00:50.000,55811.5410763889,55811.5422453704
AIS_19,50019,1,69,305.600150267869,43.245121825588,0,104,2011-09-07 13:01:33.000,2011-09-07 13:03:17.000,55811.5427430556,55811.5439467593
AIS_19,50019,1,58,305.897533447461,44.2413032287561,0,133.05,2011-09-07 13:08:37.000,2011-09-07 13:10:50.000,55811.547650463,55811.5491898148
AIS_19,50019,1,68,306.902280025571,43.4276784923177,0,102.05,2011-09-07 13:03:50.000,2011-09-07 13:05:32.000,55811.5443287037,55811.5455092593
AIS_19,50019,1,57,307.304430769172,44.395322959746,0,109,2011-09-07 13:06:12.000,2011-09-07 13:08:01.000,55811.5459722222,55811.5472337963
WDST_LDS_749B,30099,1,-999,322.720814230774,0.0809004858435552,4909.15,6843.25,2003-08-20 06:34:45.000,2009-07-17 06:30:33.000,52871.2741319444,55029.2712152778
WDST_LDS_749B_ST_year2004,52019,1,-999,322.721992740946,0.0994961927770863,4195.45,4195.45,2004-08-06 01:54:24.000,2004-08-06 12:06:37.000,53223.0794444444,53223.5045949074
WDST_LDS_749B_ST_year2003,52001,1,-999,322.724561143654,0.0370337181787228,4317.1,4317.1,2003-09-12 11:48:34.000,2003-09-13 11:12:42.000,52894.4920601852,52895.4671527778
WDST_LDS_749B_ST_year2009,52055,1,-999,323.037511601952,0.234988886591587,0,28336.05,2009-07-12 22:47:12.000,2009-07-17 19:54:10.000,55024.9494444444,55029.8292824074
WDST_LDS_749B_ST_year2008,52053,1,-999,323.05263165995,0.245477374168607,93786.6000000001,93590.2000000001,2008-07-12 15:54:46.000,2008-08-12 15:01:59.000,54659.6630324074,54690.6263773148
WDST_LDS_749B_ST_year2010,52057,1,-999,323.063363367107,0.257870706514336,0,56177.1500000001,2010-08-01 04:22:45.000,2010-09-17 15:34:13.000,55409.1824652778,55456.6487615741
WDST_LDS_749B_ST_year2007,52051,1,-999,323.066862186055,0.254398184592752,63406.8000000001,63418.8000000001,2007-07-28 21:33:13.000,2007-09-16 23:17:50.000,54309.8980671296,54359.9707175926
WDST_LDS_749B_ST_year2005_3,52063,1,-999,323.071729023887,0.265011976588583,1971.9,54998.4500000001,2005-09-02 12:37:11.000,2005-09-19 17:03:54.000,53615.5258217593,53632.7110416667
WDST_LDS_749B_ST_year2006,52049,1,-999,323.077747659679,0.263964730633125,21365.6,21368.8,2006-08-07 16:57:49.000,2006-09-07 17:51:04.000,53954.7068171296,53985.7437962963
WDST_LDS_749B_ST_year2005_1,52047,1,-999,323.081652038613,0.278917448826032,255.75,50637.6,2005-07-28 05:20:32.000,2005-08-11 14:57:12.000,53579.2225925926,53593.6230555556
WDST_LDS_749B_ST_year2005_2,52061,1,-999,323.084630386873,0.275294554030359,1886.45,55193.2000000001,2005-08-11 14:35:17.000,2005-09-02 12:52:33.000,53593.6078356481,53615.5364930556
GI1_067026_PGC71626,21500,1,-999,352.633620447818,-2.46311356813289,3377.5,3377.5,2004-10-12 16:20:27.000,2004-10-12 18:27:01.000,53290.6808680556,53290.7687615741
