ix,skypos,band,theCount
2010,150.910025185_75.9819518125,FUV,9969
2011,73.6028099033_57.9794579778,FUV,8290
2002,0.0411749342442_73.3375116815,FUV,7319
2005,52.8321206942_68.5536086772,FUV,7622
2020,316.131301235_65.9435725451,FUV,9336
2021,316.131301235_65.9435725451,FUV,10660
2006,67.053676096_60.5719994594,FUV,8643
2031,100.959837143_85.912242366,FUV,8790
2030,100.959837143_85.912242366,FUV,18241
2004,108.839726147_69.1069285269,FUV,8338
2041,244.380791858_56.0375121242,FUV,74742
2051,249.984056782_81.3035148367,FUV,8028
2014,241.368303664_82.0574004692,FUV,8345
2024,151.598745002_60.4644993718,FUV,8249
2040,244.380791858_56.0375121242,FUV,83813
2061,224.52199454_53.9453848484,FUV,8174
2016,112.832704137_68.8405261211,FUV,127932
2026,113.585627162_67.3150280914,FUV,8126
2050,249.984056782_81.3035148367,FUV,8187
2036,103.599121891_72.8173544194,FUV,11255
2060,59.5275109621_80.2596410826,FUV,7594
2034,161.241669423_68.819200642,FUV,128806
2046,251.913009608_88.911471595,FUV,9231
2044,176.966337341_68.0321765928,FUV,8331
2056,211.159814581_69.3301320161,FUV,7779
2054,192.92270613_72.3904743861,FUV,7995
2070,97.1740410354_71.3917305532,FUV,127314
2071,97.1740410354_71.3917305532,FUV,127230
2064,97.1740410354_71.3917305532,FUV,19479
2066,97.1740410354_71.3917305532,FUV,127234
2081,97.1740410354_71.3917305532,FUV,119238
2080,97.1740410354_71.3917305532,FUV,127439
2074,97.1740410354_71.3917305532,FUV,126892
2084,154.112828354_65.9822603482,FUV,8246
2090,41.3085502632_64.5905655519,FUV,7978
2091,41.3085502632_64.5905655519,FUV,7953
2100,206.524615202_77.4748090885,FUV,7611
2101,206.524615202_77.4748090885,FUV,7532
2076,97.1740410354_71.3917305532,FUV,127242
2111,250.854538136_72.9870860797,FUV,8237
2110,49.3688698664_86.8148726551,FUV,7944
2094,146.929248994_60.9415226168,FUV,128001
2086,347.342416973_73.386182497,FUV,7905
2120,9.43595527598_78.8822629323,FUV,8677
2104,128.617113601_80.7047814962,FUV,11224
2096,146.929248994_60.9415226168,FUV,7915
2106,224.409641685_73.1037735316,FUV,7889
2116,256.148913106_74.8765220482,FUV,8175
2114,23.7600621799_75.5123598388,FUV,8974
2121,9.43595527598_78.8822629323,FUV,7944
2126,303.131121249_76.2863097447,FUV,27843
2131,44.7023934432_63.9213752931,FUV,9879
2141,201.498113539_61.4942390635,FUV,7864
2130,303.131121249_76.2863097447,FUV,72776
2136,200.246484237_76.8025228082,FUV,8133
2140,38.6978864782_77.1617589896,FUV,7865
2124,303.131121249_76.2863097447,FUV,7996
2146,73.185564478_74.8219336845,FUV,7990
2156,175.084239937_60.6608440154,FUV,7798
2151,304.858368536_60.3270031372,FUV,12723
2134,290.557870423_84.2691852763,FUV,10985
2166,240.923841643_81.7707526073,FUV,8170
2150,304.858368536_60.3270031372,FUV,13011
2176,270.991999346_80.6898379756,FUV,9837
2144,4.52015285728_79.0712174675,FUV,9442
2154,223.184058617_75.9267341573,FUV,7888
2164,268.320395126_79.1949333129,FUV,8070
2186,277.984090636_63.4805735214,FUV,7784
2196,230.963835221_53.1725503412,FUV,8311
2174,23.8805403942_71.6028138428,FUV,7488
2184,188.881311285_53.3125894524,FUV,7945
2160,208.708278928_54.5698800997,FUV,103020
2206,330.744036828_87.2679676162,FUV,72603
2161,208.708278928_54.5698800997,FUV,103485
2170,95.3710407586_81.7528109804,FUV,7972
2171,95.3710407586_81.7528109804,FUV,7953
2180,93.7134354883_68.3350220399,FUV,7840
2181,289.711642948_84.4013270279,FUV,10985
2190,84.3703510037_74.1001457608,FUV,7760
2191,222.040208521_86.9184406424,FUV,8558
2200,217.551773851_85.4327891317,FUV,9090
2201,217.551773851_85.4327891317,FUV,8404
2216,297.761569621_74.0581996861,FUV,66174
2226,209.525104781_69.0980950448,FUV,7779
2236,156.123485636_67.3153126915,FUV,8393
2211,182.038379644_85.0931168748,FUV,18655
2210,45.4786269983_65.8253105546,FUV,8191
2246,220.331223736_78.6187720976,FUV,8369
2194,342.063402929_71.5450087124,FUV,76524
2256,206.896141695_59.5017951505,FUV,8105
2204,333.425313614_84.1663227058,FUV,7744
2266,241.483964684_85.7547559532,FUV,8148
2214,7.74892989871_82.3162181143,FUV,7407
2276,244.008320916_83.8288621345,FUV,8080
2224,124.105194966_54.5957743451,FUV,18391
2234,5.5919791983_87.6608996727,FUV,9833
2220,47.1588641319_80.0351674195,FUV,120215
2221,47.1588641319_80.0351674195,FUV,126141
2230,196.684853767_81.4848073087,FUV,8281
2286,307.763259371_76.7147296718,FUV,16486
2244,283.654524177_62.600774963,FUV,27888
2240,208.028597502_81.9213987496,FUV,8117
2296,167.655556293_70.1476224777,FUV,9214
2254,217.697796351_72.8447085046,FUV,8557
2250,351.633293651_84.0393959987,FUV,7440
2306,112.417141573_85.6057059935,FUV,8550
2231,102.858786624_61.4585793178,FUV,31134
2260,102.80746141_60.3592663977,FUV,8306
2241,208.028597502_81.9213987496,FUV,8296
2264,116.165158861_79.3928977998,FUV,8295
2316,262.290840471_65.482626889,FUV,7907
2251,135.568913308_70.084339476,FUV,7552
2326,185.708526109_66.2281745971,FUV,8126
2274,154.889017496_72.0328762374,FUV,8552
2284,90.8520125417_84.5337282841,FUV,15308
2294,186.844185887_86.047148903,FUV,7900
2304,213.304272756_62.2974681032,FUV,8314
2336,195.843642773_59.3153644633,FUV,77459
2346,116.770485501_60.6256125013,FUV,7613
2008,142.836290723_64.087222926,FUV,8826
2018,112.832704137_68.8405261211,FUV,8197
2028,113.585627162_67.3150280914,FUV,7894
2038,244.380791858_56.0375121242,FUV,100752
2048,36.840394378_82.6095589919,FUV,8356
2058,143.163661315_83.7846252865,FUV,8089
2068,97.1740410354_71.3917305532,FUV,127163
2078,97.1740410354_71.3917305532,FUV,73531
2088,223.810459275_57.1727199638,FUV,8822
2098,85.3297128875_68.4198772872,FUV,7824
2108,248.722890306_74.9071293737,FUV,8206
2118,44.73754631_71.1028481788,FUV,7465
2128,303.131121249_76.2863097447,FUV,28515
2138,21.5703682244_85.1953980547,FUV,7942
2148,70.3546131994_54.6095438842,FUV,8376
2158,355.901815588_72.452130243,FUV,7925
2168,240.923841643_81.7707526073,FUV,8108
2178,23.9531332875_84.7400621823,FUV,7965
2188,5.02256627121_87.2583590708,FUV,21130
2198,140.402777091_68.4599410281,FUV,8249
2208,62.624040005_57.8616004027,FUV,10050
2218,5.40683306716_82.7898669895,FUV,7453
2228,304.104400341_85.5830164481,FUV,17389
2238,113.488129114_67.0893255975,FUV,128232
2248,244.464781164_82.239020696,FUV,8170
2258,226.107431391_55.9318123159,FUV,115687
2270,144.532650049_56.2481395307,FUV,122218
2268,147.892085972_70.6762450612,FUV,8099
2356,92.544947576_84.3834521329,FUV,15308
2280,238.579132455_85.3849459628,FUV,7865
2261,102.80746141_60.3592663977,FUV,114182
2366,196.585489491_82.0745209133,FUV,8281
2278,287.149969425_83.5675803193,FUV,16881
2376,89.1838446344_56.5553559066,FUV,8608
2271,223.890972451_59.7025584881,FUV,84599
2290,307.763259371_76.7147296718,FUV,70678
2281,97.2749743307_88.2058754888,FUV,10263
2300,205.017988588_60.287679853,FUV,8255
2386,164.511117877_58.1712494648,FUV,127866
2288,307.763259371_76.7147296718,FUV,110013
2310,39.9208682679_77.7196754181,FUV,8230
2298,136.052704558_67.8976031559,FUV,8186
2396,164.511117877_58.1712494648,FUV,125771
2406,183.06584662_82.7175072809,FUV,9081
2320,306.601874977_72.7617629027,FUV,10441
2291,307.763259371_76.7147296718,FUV,124513
2416,137.165804662_85.4097826797,FUV,20601
2308,112.417141573_85.6057059935,FUV,126621
2301,57.9497172536_87.8695626587,FUV,19755
2330,223.850243427_62.4063875356,FUV,7606
2318,89.2920810158_78.6533516578,FUV,8188
2426,96.1459270864_83.0627065152,FUV,8342
2311,39.9208682679_77.7196754181,FUV,8343
2321,222.006624176_62.159382398,FUV,7539
2340,79.937690328_56.6245346478,FUV,8639
2328,54.9617918735_62.3812858873,FUV,8486
2331,195.843642773_59.3153644633,FUV,8022
2350,35.5476246553_78.5023193668,FUV,8071
2338,235.489444909_65.7642585081,FUV,10217
2360,160.612643521_71.2084067085,FUV,8368
2341,79.937690328_56.6245346478,FUV,7999
2370,57.7422646271_86.4423081004,FUV,7780
2348,311.9789787_64.9705550483,FUV,9631
2351,35.5476246553_78.5023193668,FUV,7916
2358,227.629194275_84.1215490767,FUV,8861
2436,275.836097187_64.7622441372,FUV,111950
2361,281.789789322_87.7027854054,FUV,10054
2371,57.7422646271_86.4423081004,FUV,7944
2368,48.754045106_76.2733499152,FUV,8079
2446,165.090172935_74.3382574368,FUV,18453
2456,222.664884088_73.2163918887,FUV,7889
2380,164.511117877_58.1712494648,FUV,126356
2378,270.062068787_78.6868474013,FUV,8099
2466,67.5474022449_55.262689438,FUV,8174
2381,164.511117877_58.1712494648,FUV,124917
2476,292.539811692_84.6386995161,FUV,14084
2390,164.511117877_58.1712494648,FUV,126558
2388,164.511117877_58.1712494648,FUV,127347
2486,337.999131853_74.0891361237,FUV,7848
2496,104.434866607_74.9683936972,FUV,8549
2391,164.511117877_58.1712494648,FUV,126464
2398,164.511117877_58.1712494648,FUV,127323
2400,164.511117877_58.1712494648,FUV,118418
2408,76.3056592717_64.1226360028,FUV,10116
2410,287.497528114_75.0896123082,FUV,17378
2506,89.0625731769_69.6361251871,FUV,40783
2516,218.55389831_87.1885620919,FUV,7877
2418,269.948991861_53.6940514305,FUV,7704
2420,289.42592094_73.8257237599,FUV,7967
2401,164.511117877_58.1712494648,FUV,116528
2430,154.302778319_82.8344029332,FUV,8743
2526,125.635534999_84.2314072992,FUV,7588
2428,96.1459270864_83.0627065152,FUV,14216
2411,107.039297343_74.1940546473,FUV,18988
2421,11.6363039845_72.9600604993,FUV,8384
2431,154.302778319_82.8344029332,FUV,8749
2441,154.356759_86.6526066697,FUV,11832
2536,239.076919928_55.6760369552,FUV,90958
2451,325.687017724_88.5714372955,FUV,7801
2440,275.836097187_64.7622441372,FUV,92491
2438,275.836097187_64.7622441372,FUV,92955
2461,342.429762776_73.8719890397,FUV,8855
2448,268.897858419_88.6473925112,FUV,9231
2450,170.641413562_87.8237523404,FUV,15379
2471,89.946244881_66.7356986591,FUV,8303
2458,1.08646438305_78.1350625025,FUV,8055
2460,342.429762776_73.8719890397,FUV,8587
2546,239.076919928_55.6760369552,FUV,84189
2481,131.960391786_72.3928597667,FUV,9220
2468,256.004085156_78.8333761191,FUV,7605
2470,144.314543654_69.0984197765,FUV,8229
2491,117.356332237_69.5193200083,FUV,8128
2478,111.811410646_87.2171647422,FUV,8626
2556,351.126012337_71.7314289076,FUV,7911
2501,112.119917088_79.2326733749,FUV,8295
2488,11.1416422576_87.5630597017,FUV,8197
2480,327.878219223_74.6655516455,FUV,7636
2490,258.076318907_74.3177111001,FUV,7961
2511,81.8315050625_60.5434149849,FUV,7861
2015,201.12833824_71.2867629831,FUV,7569
2009,193.974024241_62.8726091788,FUV,8094
2012,73.6028099033_57.9794579778,FUV,8049
2019,322.058398861_75.0795764322,FUV,7917
2025,249.075761022_71.6937586407,FUV,10054
2022,35.4048601799_70.3081369295,FUV,8757
2029,270.05195338_78.9278368245,FUV,8099
2035,161.241669423_68.819200642,FUV,8026
2032,37.161362368_73.9843327222,FUV,8679
2045,206.682337977_62.1455578429,FUV,8234
2055,185.360080341_54.6901217141,FUV,7723
2039,244.380791858_56.0375121242,FUV,103374
2042,244.380791858_56.0375121242,FUV,91567
2052,249.984056782_81.3035148367,FUV,8434
2049,149.060155615_75.267233492,FUV,7898
2062,270.33927625_77.5014747129,FUV,8064
2059,59.5275109621_80.2596410826,FUV,8091
2065,97.1740410354_71.3917305532,FUV,127270
2072,97.1740410354_71.3917305532,FUV,127214
2069,97.1740410354_71.3917305532,FUV,126929
2075,97.1740410354_71.3917305532,FUV,127107
2085,347.342416973_73.386182497,FUV,7810
2082,97.1740410354_71.3917305532,FUV,127550
2092,208.220261179_77.3279583434,FUV,7611
2079,97.1740410354_71.3917305532,FUV,127336
2102,222.172168903_85.6211327227,FUV,8025
2095,146.929248994_60.9415226168,FUV,8382
2105,224.409641685_73.1037735316,FUV,11600
2112,23.7600621799_75.5123598388,FUV,19746
2122,193.979183163_63.1401923438,FUV,8094
2115,271.395427846_76.0718378288,FUV,8041
2132,201.970878932_60.9522022128,FUV,7864
2142,4.52015285728_79.0712174675,FUV,8269
2089,223.810459275_57.1727199638,FUV,112781
2125,303.131121249_76.2863097447,FUV,28066
2152,86.3451932931_85.4218587131,FUV,8133
2099,325.216627402_76.8221515635,FUV,8172
2109,49.3688698664_86.8148726551,FUV,7780
2162,136.850822144_59.0835061883,FUV,10242
2172,95.3710407586_81.7528109804,FUV,8109
2119,9.43595527598_78.8822629323,FUV,8130
2135,268.963791385_61.5883753031,FUV,7695
2182,230.205917117_79.4826421186,FUV,9915
2192,222.040208521_86.9184406424,FUV,7877
2145,73.185564478_74.8219336845,FUV,8500
2129,303.131121249_76.2863097447,FUV,33402
2202,197.837251743_78.0706390884,FUV,11204
2155,56.4449020726_75.7644192182,FUV,8186
2139,38.6978864782_77.1617589896,FUV,7732
2212,182.038379644_85.0931168748,FUV,18729
2165,268.320395126_79.1949333129,FUV,7996
2175,133.230311249_88.3996609524,FUV,39165
2185,188.881311285_53.3125894524,FUV,8032
2195,200.39514775_71.72521284,FUV,7569
2149,209.289213818_67.6205780633,FUV,107902
2205,333.425313614_84.1663227058,FUV,7698
2159,355.901815588_72.452130243,FUV,8158
2169,240.923841643_81.7707526073,FUV,8021
2222,47.1588641319_80.0351674195,FUV,127154
2179,23.9531332875_84.7400621823,FUV,13577
2232,176.491268143_76.1747264904,FUV,8821
2189,84.3703510037_74.1001457608,FUV,8074
2199,174.956640155_73.8449160825,FUV,8070
2242,66.2436725859_70.4717177344,FUV,8750
2215,297.761569621_74.0581996861,FUV,63827
2209,45.4786269983_65.8253105546,FUV,8665
2252,135.568913308_70.084339476,FUV,7760
2219,119.542886772_60.6143660472,FUV,8343
2229,196.684853767_81.4848073087,FUV,7968
2239,113.488129114_67.0893255975,FUV,7894
2262,211.260002636_68.8947789051,FUV,7966
2249,244.464781164_82.239020696,FUV,8345
2225,124.105194966_54.5957743451,FUV,8157
2235,213.653306951_76.7707394994,FUV,18496
2259,226.107431391_55.9318123159,FUV,39917
2245,220.331223736_78.6187720976,FUV,8207
2269,144.532650049_56.2481395307,FUV,8912
2255,217.697796351_72.8447085046,FUV,8018
2272,223.890972451_59.7025584881,FUV,86465
2265,116.165158861_79.3928977998,FUV,7992
2279,287.149969425_83.5675803193,FUV,22004
2275,244.008320916_83.8288621345,FUV,7993
2282,90.8520125417_84.5337282841,FUV,19779
2289,307.763259371_76.7147296718,FUV,12511
2292,263.931309104_59.0968090593,FUV,8184
2285,90.8520125417_84.5337282841,FUV,14532
2302,57.9497172536_87.8695626587,FUV,15528
2295,204.788876654_72.4856216826,FUV,29710
2312,69.4665835269_71.6112506208,FUV,8164
2305,112.417141573_85.6057059935,FUV,7942
2299,65.3806264791_86.0375176739,FUV,127175
2315,179.850301444_66.98608912,FUV,8067
2309,92.5625857616_88.783185866,FUV,10263
2325,36.7082133933_73.603826151,FUV,7478
2319,89.2920810158_78.6533516578,FUV,8262
2322,222.006624176_62.159382398,FUV,82373
2329,54.9617918735_62.3812858873,FUV,7590
2339,270.550014169_55.3273569867,FUV,7959
2335,195.843642773_59.3153644633,FUV,95975
2345,8.03895407705_87.600681844,FUV,9833
2349,311.9789787_64.9705550483,FUV,10641
2355,92.544947576_84.3834521329,FUV,8178
2365,196.585489491_82.0745209133,FUV,7968
2359,227.629194275_84.1215490767,FUV,8709
2375,209.367866644_61.1507258045,FUV,7933
2369,128.053861554_79.1036119216,FUV,11610
2332,195.843642773_59.3153644633,FUV,83602
2379,164.511117877_58.1712494648,FUV,8927
2342,282.70657016_55.5774418453,FUV,7529
2352,219.686692553_85.5710613778,FUV,8025
2385,164.511117877_58.1712494648,FUV,128204
2389,164.511117877_58.1712494648,FUV,127180
2362,108.089402232_62.0647831213,FUV,18815
2395,164.511117877_58.1712494648,FUV,125921
2372,131.955515008_60.2073901543,FUV,17486
2399,164.511117877_58.1712494648,FUV,124586
2382,164.511117877_58.1712494648,FUV,121981
2405,164.511117877_58.1712494648,FUV,127271
2409,287.497528114_75.0896123082,FUV,16618
2007,67.053676096_60.5719994594,FUV,7976
2017,112.832704137_68.8405261211,FUV,93304
2003,108.839726147_69.1069285269,FUV,127160
2013,241.368303664_82.0574004692,FUV,8170
2023,35.4048601799_70.3081369295,FUV,7690
2033,37.161362368_73.9843327222,FUV,7478
2027,113.585627162_67.3150280914,FUV,128232
2037,244.380791858_56.0375121242,FUV,101001
2047,36.840394378_82.6095589919,FUV,8347
2043,176.966337341_68.0321765928,FUV,128258
2057,143.163661315_83.7846252865,FUV,8118
2053,149.10453703_59.2613415236,FUV,9003
2063,125.603403112_67.3383667573,FUV,58876
2067,97.1740410354_71.3917305532,FUV,127135
2073,97.1740410354_71.3917305532,FUV,127183
2077,97.1740410354_71.3917305532,FUV,127325
2087,238.838939215_88.9976955254,FUV,10083
2097,85.3297128875_68.4198772872,FUV,8069
2083,97.1740410354_71.3917305532,FUV,126664
2093,208.220261179_77.3279583434,FUV,7532
2107,334.597404148_86.9829699238,FUV,112702
2103,189.740916813_57.9563057024,FUV,19209
2113,23.7600621799_75.5123598388,FUV,9583
2117,44.73754631_71.1028481788,FUV,8199
2123,199.015912327_53.3792514578,FUV,8318
2133,83.8707385828_73.3313823803,FUV,13657
2127,303.131121249_76.2863097447,FUV,64151
2137,21.5703682244_85.1953980547,FUV,8626
2143,4.52015285728_79.0712174675,FUV,10090
2147,267.777307467_55.4295556496,FUV,7624
2153,177.757097137_68.9983965315,FUV,8152
2157,204.786517351_69.4492477963,FUV,8735
2163,198.341358882_69.6584056458,FUV,7923
2167,240.923841643_81.7707526073,FUV,8345
2173,95.3710407586_81.7528109804,FUV,7965
2177,270.991999346_80.6898379756,FUV,10000
2183,230.205917117_79.4826421186,FUV,10261
2187,277.984090636_63.4805735214,FUV,7536
2197,230.963835221_53.1725503412,FUV,85420
2193,342.063402929_71.5450087124,FUV,69703
2207,142.155220652_87.8212873244,FUV,10745
2203,197.837251743_78.0706390884,FUV,10143
2217,5.40683306716_82.7898669895,FUV,8676
2213,7.74892989871_82.3162181143,FUV,19644
2227,304.104400341_85.5830164481,FUV,15448
2237,113.488129114_67.0893255975,FUV,8126
2223,291.416649166_82.7263240739,FUV,8903
2233,176.491268143_76.1747264904,FUV,8062
2247,151.2697248_62.1113827918,FUV,8442
2243,66.2436725859_70.4717177344,FUV,8311
2253,217.697796351_72.8447085046,FUV,8257
2263,270.007834933_76.7470352543,FUV,7534
2273,223.890972451_59.7025584881,FUV,10277
2283,90.8520125417_84.5337282841,FUV,18933
2293,186.844185887_86.047148903,FUV,7958
2257,206.896141695_59.5017951505,FUV,112341
2303,168.076808195_66.7370333517,FUV,7861
2313,69.4665835269_71.6112506208,FUV,7464
2267,137.556990731_77.1575571759,FUV,29613
2323,84.1198101261_87.8973167387,FUV,8364
2277,71.4851598338_64.9787715435,FUV,8101
2333,195.843642773_59.3153644633,FUV,70315
2343,8.03895407705_87.600681844,FUV,8582
2287,307.763259371_76.7147296718,FUV,18469
2297,123.368006863_71.1041476607,FUV,8956
2353,263.422296266_65.0271017336,FUV,7839
2307,112.417141573_85.6057059935,FUV,8499
2363,229.177584001_81.7045227152,FUV,8204
2317,74.9499978272_88.2243960881,FUV,8364
2373,159.085541069_65.083767145,FUV,9002
2327,171.770755338_53.3496638431,FUV,9081
2383,164.511117877_58.1712494648,FUV,128405
2337,195.843642773_59.3153644633,FUV,108780
2347,193.838613334_63.779495582,FUV,8242
2357,92.544947576_84.3834521329,FUV,14532
2393,164.511117877_58.1712494648,FUV,126273
2415,303.782554415_63.7179931545,FUV,9299
2392,164.511117877_58.1712494648,FUV,124529
2419,184.010932187_56.3905472482,FUV,8115
2425,341.117618902_71.9236028375,FUV,9378
2429,96.1459270864_83.0627065152,FUV,14297
2403,164.511117877_58.1712494648,FUV,120899
2367,189.513336206_68.855990414,FUV,128271
2439,275.836097187_64.7622441372,FUV,7450
2413,213.635681807_62.203168689,FUV,19039
2449,162.865737629_73.8467633358,FUV,8894
2423,255.379410443_71.3283941038,FUV,7968
2377,89.1838446344_56.5553559066,FUV,8019
2402,164.511117877_58.1712494648,FUV,119112
2433,289.066765455_80.6828460237,FUV,7830
2459,1.08646438305_78.1350625025,FUV,7795
2443,225.538617105_83.9412202304,FUV,8709
2469,263.448147291_76.1541789448,FUV,8127
2412,107.039297343_74.1940546473,FUV,18916
2435,275.836097187_64.7622441372,FUV,120243
2387,164.511117877_58.1712494648,FUV,127866
2422,11.6363039845_72.9600604993,FUV,7495
2445,28.2192839478_86.7446947654,FUV,8653
2453,13.3419772635_73.6078431087,FUV,16837
2479,113.208124027_64.7394842272,FUV,19782
2489,11.1416422576_87.5630597017,FUV,9833
2432,228.16323382_58.7004464733,FUV,8017
2463,52.400963217_65.4956259661,FUV,7871
2455,45.2308972096_54.656377596,FUV,9025
2473,62.4348614834_87.7947093568,FUV,8364
2442,225.538617105_83.9412202304,FUV,8861
2397,164.511117877_58.1712494648,FUV,125932
2483,156.093237818_69.0995368936,FUV,8296
2499,3.36548806795_73.0346356428,FUV,17392
2465,67.5474022449_55.262689438,FUV,8696
2493,201.065958332_76.5528464728,FUV,8133
2407,183.06584662_82.7175072809,FUV,11199
2503,186.21633546_81.5261850255,FUV,9235
2452,13.3419772635_73.6078431087,FUV,18942
2475,292.539811692_84.6386995161,FUV,17168
2417,137.165804662_85.4097826797,FUV,20863
2485,184.42536922_86.769054643,FUV,7870
2462,342.429762776_73.8719890397,FUV,7942
2427,96.1459270864_83.0627065152,FUV,8364
2314,179.850301444_66.98608912,FUV,127953
2324,36.7082133933_73.603826151,FUV,8679
2334,195.843642773_59.3153644633,FUV,61604
2344,8.03895407705_87.600681844,FUV,8197
2354,92.544947576_84.3834521329,FUV,8579
2364,229.177584001_81.7045227152,FUV,8299
2374,159.085541069_65.083767145,FUV,127811
2384,164.511117877_58.1712494648,FUV,126501
2394,164.511117877_58.1712494648,FUV,126217
2404,164.511117877_58.1712494648,FUV,111217
2414,303.782554415_63.7179931545,FUV,8450
2424,167.400533363_64.1278635901,FUV,12634
2434,289.066765455_80.6828460237,FUV,9205
2444,51.6322975213_75.2652576435,FUV,8312
2454,45.2308972096_54.656377596,FUV,9209
2464,52.400963217_65.4956259661,FUV,7584
2474,43.0045381201_69.7542523537,FUV,8251
2484,184.42536922_86.769054643,FUV,7557
2494,163.027259983_74.4304725225,FUV,8182
2513,81.8315050625_60.5434149849,FUV,10260
2504,186.21633546_81.5261850255,FUV,8477
2509,331.27434515_66.5294408735,FUV,11471
2472,89.946244881_66.7356986591,FUV,7774
2495,226.191253508_77.2069515814,FUV,28967
2482,156.093237818_69.0995368936,FUV,8303
2492,117.356332237_69.5193200083,FUV,7895
2523,86.5280249457_80.5374679728,FUV,18832
2514,113.175581801_63.9595832911,FUV,20054
2519,293.886544258_68.3302450526,FUV,7574
2505,153.530923861_86.7993331453,FUV,25986
2502,112.119917088_79.2326733749,FUV,7992
2515,218.55389831_87.1885620919,FUV,8558
2524,206.718871983_68.6956337832,FUV,53930
2525,125.635534999_84.2314072992,FUV,8107
2512,81.8315050625_60.5434149849,FUV,10094
2437,275.836097187_64.7622441372,FUV,108444
2522,86.5280249457_80.5374679728,FUV,8029
2533,239.076919928_55.6760369552,FUV,117267
2447,142.146172966_56.6463503479,FUV,8549
2529,239.076919928_55.6760369552,FUV,118530
2457,193.905821727_66.6309195112,FUV,8911
2535,239.076919928_55.6760369552,FUV,101040
2534,239.076919928_55.6760369552,FUV,112511
2467,224.098524828_66.7925427479,FUV,13872
2532,239.076919928_55.6760369552,FUV,117283
2543,239.076919928_55.6760369552,FUV,98424
2477,294.872104308_53.1234114576,FUV,7324
2539,239.076919928_55.6760369552,FUV,96427
2487,11.1416422576_87.5630597017,FUV,8582
2549,179.01003361_84.3059853348,FUV,8643
2553,33.6877544943_83.0631548786,FUV,8731
2497,104.434866607_74.9683936972,FUV,8403
2544,239.076919928_55.6760369552,FUV,96228
2559,240.743797274_63.7469560293,FUV,7540
2563,127.082190795_88.2865873098,FUV,10745
2545,239.076919928_55.6760369552,FUV,109858
2569,164.665769792_78.9073166445,FUV,8827
2554,33.6877544943_83.0631548786,FUV,8497
2542,239.076919928_55.6760369552,FUV,92190
2573,115.183021708_60.3295382415,FUV,8361
2552,213.974144579_61.6307812764,FUV,8235
2555,351.126012337_71.7314289076,FUV,7860
2507,89.0625731769_69.6361251871,FUV,39648
2579,231.969990513_65.3449233407,FUV,8212
2565,177.145848538_67.7041821832,FUV,8331
2583,98.6831190601_81.2258747154,FUV,18537
2517,148.8911094_89.2075927412,FUV,10515
2575,181.626901092_70.4961312473,FUV,7838
2593,153.985438561_88.7462244893,FUV,10515
2589,70.2134949631_80.5854705583,FUV,8775
2527,82.3729215457_83.2998750315,FUV,14417
2603,242.843048555_64.6131235518,FUV,8504
2564,177.145848538_67.7041821832,FUV,128258
2585,98.6831190601_81.2258747154,FUV,18491
2613,109.626475651_79.916562918,FUV,8005
2574,112.500496257_59.2510596615,FUV,8885
2599,77.0803692554_64.1326233952,FUV,10116
2562,171.677640068_64.4476993799,FUV,103325
2595,111.111101147_65.5703484852,FUV,8338
2584,98.6831190601_81.2258747154,FUV,10006
2537,239.076919928_55.6760369552,FUV,52572
2572,272.980173772_78.9800038401,FUV,7846
2623,67.9482240758_54.9638210396,FUV,8511
2609,109.626475651_79.916562918,FUV,18864
2594,290.77142728_87.0890157433,FUV,7842
2582,208.259848724_61.8161345893,FUV,8234
2605,330.240082709_67.0809523214,FUV,11471
2633,300.697776896_72.7659422971,FUV,8946
2604,28.9906297662_76.7828122431,FUV,11119
2619,72.9367650791_74.4136650654,FUV,8500
2592,104.256988627_61.9806074527,FUV,8875
2602,135.749735715_67.1942787181,FUV,8128
2547,239.076919928_55.6760369552,FUV,88261
2615,300.547457147_64.9892282349,FUV,8232
2643,74.3234612002_56.7410699399,FUV,8003
2629,214.965829061_69.4153084082,FUV,8221
2614,300.547457147_64.9892282349,FUV,8233
2625,231.802431952_57.1829000828,FUV,7553
2653,38.903518331_77.9693612387,FUV,8343
2557,350.203533096_87.4002721131,FUV,22406
2635,133.255503919_87.5204550189,FUV,11342
2639,47.5780110995_69.6438533819,FUV,8298
2624,67.9482240758_54.9638210396,FUV,7998
2567,168.706203389_71.324700011,FUV,7582
2663,266.427915537_60.4072647203,FUV,8094
2649,94.1578386599_61.4342534131,FUV,7795
2577,186.869635996_85.3905896994,FUV,7668
2673,309.685319072_86.5284149917,FUV,7628
2634,108.029176533_63.9157697144,FUV,18887
2612,109.626475651_79.916562918,FUV,128118
2683,186.007961852_57.4010738211,FUV,8333
2587,201.790796593_78.884707273,FUV,8594
2645,27.4279712516_74.8070468452,FUV,20185
2622,262.55481097_84.7377243421,FUV,7862
2659,68.2581412146_56.8994249733,FUV,8337
2655,38.370195644_73.3701813101,FUV,7478
2597,268.010335108_83.1912432972,FUV,8168
2693,1.12062881707_83.2001740694,FUV,7422
2644,27.4279712516_74.8070468452,FUV,21502
2566,262.832835992_53.1322170382,FUV,7792
2576,277.253984272_87.7418487069,FUV,10054
2586,201.790796593_78.884707273,FUV,8979
2596,263.968224382_88.7920721801,FUV,9231
2606,199.398459979_86.1465924791,FUV,8480
2616,156.710144747_86.2518748189,FUV,11832
2626,75.86366115_58.1584324505,FUV,10173
2636,191.051077851_82.5523670807,FUV,8016
2646,182.85181198_79.9695395798,FUV,8177
2656,63.7780191978_82.4149326981,FUV,20268
2666,198.391382707_75.6720802928,FUV,8129
2676,258.094440609_63.5843044188,FUV,90957
2703,220.993592307_70.723305409,FUV,7850
2607,199.398459979_86.1465924791,FUV,8413
2669,77.9821949984_62.9756516226,FUV,8048
2665,53.9753345702_70.3629079674,FUV,7878
2675,201.205372018_71.8507637835,FUV,7569
2686,277.316109119_68.9373043447,FUV,35363
2617,172.091270868_70.138879588,FUV,8837
2654,38.370195644_73.3701813101,FUV,8679
2685,134.955339673_79.0803697166,FUV,10692
2696,108.754823264_59.732208376,FUV,7889
2679,100.110617501_83.4589139537,FUV,31795
2627,269.614215089_60.3353452658,FUV,8132
2706,298.128729863_86.4163816998,FUV,7628
2664,53.9753345702_70.3629079674,FUV,8491
2695,86.1536546775_59.5705367365,FUV,7883
2689,220.756036156_67.3274773847,FUV,8369
2637,191.051077851_82.5523670807,FUV,8337
2674,309.685319072_86.5284149917,FUV,9718
2713,161.168040052_62.6576078805,FUV,129089
2716,236.242559418_58.927858738,FUV,8234
2647,182.85181198_79.9695395798,FUV,8316
2705,159.882158526_71.2229249166,FUV,20041
2726,181.692218915_81.1169879502,FUV,8721
2684,280.990640476_76.3474223547,FUV,7976
2699,103.216193858_56.5341514052,FUV,17141
2723,155.873342508_54.7437980575,FUV,7583
2715,282.404670765_87.7219479753,FUV,10054
2736,305.25818128_86.397381054,FUV,7628
2733,186.429617342_82.3954372303,FUV,8337
2709,242.989777731_86.3488441516,FUV,8148
2725,181.692218915_81.1169879502,FUV,8960
2746,27.9772453197_87.0292843378,FUV,7973
2694,86.1536546775_59.5705367365,FUV,8601
2704,220.993592307_70.723305409,FUV,8025
2756,322.549188122_88.2664877207,FUV,7801
2714,161.168040052_62.6576078805,FUV,8183
2735,70.00769143_57.4858353667,FUV,7697
2743,301.672066337_65.0579614408,FUV,19018
2724,217.972440371_70.8313690499,FUV,8479
2753,48.3618991161_68.9915104554,FUV,8071
2734,70.00769143_57.4858353667,FUV,8344
2745,301.672066337_65.0579614408,FUV,9285
2763,51.9535440825_87.8635938277,FUV,7635
2719,236.242559418_58.927858738,FUV,102109
2773,257.740451806_59.6491112467,FUV,94634
2783,280.025451669_74.2134230844,FUV,7706
2766,257.740451806_59.6491112467,FUV,95257
2729,206.378017758_86.8092674952,FUV,19662
2744,301.672066337_65.0579614408,FUV,20147
2793,135.032766622_75.2151533313,FUV,8827
2657,63.7780191978_82.4149326981,FUV,120819
2776,257.740451806_59.6491112467,FUV,97604
2803,106.303965984_79.5214298688,FUV,7850
2786,64.7259471695_78.7418970648,FUV,8275
2813,247.859034462_58.233121051,FUV,16356
2667,77.9821949984_62.9756516226,FUV,8071
2755,334.025637417_69.2964571172,FUV,27423
2823,227.392785672_83.3702530234,FUV,7632
2796,90.7319088471_62.5657004573,FUV,8141
2806,100.436720565_81.4194681496,FUV,10006
2833,66.223238957_73.9665484602,FUV,7603
2765,5.07322590928_70.6847424097,FUV,8630
2739,252.261373134_64.4764731056,FUV,84366
2843,218.525565884_68.0121678612,FUV,11066
2749,115.966624901_69.2952532893,FUV,7895
2816,91.2225724151_69.4084838821,FUV,8077
2754,334.025637417_69.2964571172,FUV,27015
2775,257.740451806_59.6491112467,FUV,96906
2764,51.9535440825_87.8635938277,FUV,8545
2826,220.891930021_55.5995339196,FUV,8669
2759,143.276630187_66.3461328628,FUV,9188
2785,233.197427947_89.2631887774,FUV,10083
2677,258.094440609_63.5843044188,FUV,93228
2836,179.024106931_63.4912265554,FUV,7638
2774,257.740451806_59.6491112467,FUV,94212
2846,228.050644544_84.6111233577,FUV,8634
2856,203.638360516_59.8266577891,FUV,8255
2784,146.333832832_86.6893099746,FUV,25986
2794,223.051226173_57.4355839399,FUV,8822
2853,232.230830494_64.9150238592,FUV,119370
2687,277.316109119_68.9373043447,FUV,35222
2804,195.883698091_61.2920858404,FUV,8180
2863,208.569794507_58.8511613452,FUV,10162
2814,247.859034462_58.233121051,FUV,16218
2873,122.536544676_77.7257496724,FUV,7752
2697,317.890263083_75.3608366799,FUV,10211
2795,223.051226173_57.4355839399,FUV,112781
2883,137.688284618_65.0349201551,FUV,8810
2805,175.65173705_70.2213323375,FUV,8165
2866,38.7031954267_63.4034181125,FUV,18086
2769,257.740451806_59.6491112467,FUV,100165
2876,231.923527156_77.913687898,FUV,8159
2893,88.3867248671_69.8919767982,FUV,8363
2815,91.2225724151_69.4084838821,FUV,8362
2903,314.964918436_86.3181882861,FUV,9718
2707,153.485335525_53.4255331039,FUV,126590
2886,352.614007505_73.3826659193,FUV,8190
2913,171.724677985_59.356784816,FUV,8012
2824,254.633976965_60.9234353858,FUV,101254
2896,21.0105526131_72.5436417093,FUV,7475
2834,166.622082735_63.2303012395,FUV,10240
2923,104.815418599_65.5591150883,FUV,13705
2906,190.272056464_86.0629592384,FUV,7900
2933,104.507278942_56.1216943624,FUV,8340
2844,106.900950883_56.1918582289,FUV,19600
2717,236.242559418_58.927858738,FUV,89770
2825,254.633976965_60.9234353858,FUV,101177
2500,207.632136595_74.8995255358,FUV,11460
2521,66.6469433769_81.6079030689,FUV,7509
2510,81.8315050625_60.5434149849,FUV,8374
2531,239.076919928_55.6760369552,FUV,51644
2520,66.6469433769_81.6079030689,FUV,8831
2530,239.076919928_55.6760369552,FUV,51404
2541,239.076919928_55.6760369552,FUV,122226
2551,294.060639165_69.5125437958,FUV,7484
2561,171.677640068_64.4476993799,FUV,8000
2540,239.076919928_55.6760369552,FUV,117678
2571,272.980173772_78.9800038401,FUV,7475
2581,309.354410195_78.0839074087,FUV,8105
2550,62.8992540392_58.2074301504,FUV,10050
2591,269.035491719_56.072054459,FUV,9036
2560,171.677640068_64.4476993799,FUV,30258
2601,71.6212524337_74.4544768382,FUV,7990
2570,49.5585867404_83.1650017007,FUV,8469
2580,174.394240385_69.4909812922,FUV,8996
2590,70.2134949631_80.5854705583,FUV,7488
2600,71.6212524337_74.4544768382,FUV,8500
2611,109.626475651_79.916562918,FUV,128251
2621,155.225431858_61.0219511093,FUV,9465
2610,109.626475651_79.916562918,FUV,109507
2631,20.2107742783_76.7235604489,FUV,20096
2620,72.9367650791_74.4136650654,FUV,7990
2641,47.5780110995_69.6438533819,FUV,8071
2630,281.585454059_57.2044552137,FUV,8063
2651,128.542179198_69.3545674006,FUV,8136
2661,190.045432227_84.6550902562,FUV,8197
2640,47.5780110995_69.6438533819,FUV,7875
2671,63.5576523397_69.4582242506,FUV,41832
2650,128.542179198_69.3545674006,FUV,105467
2681,336.204938993_87.8094302278,FUV,8973
2691,251.030886935_72.6989485213,FUV,8237
2660,68.2581412146_56.8994249733,FUV,8018
2670,260.24946968_72.6273476139,FUV,10043
2701,49.8076883255_53.4458943246,FUV,8939
2711,168.208496614_83.7275028941,FUV,8265
2680,100.110617501_83.4589139537,FUV,31801
2721,47.4627510099_83.0534010725,FUV,8469
2690,144.671732628_63.6814690116,FUV,8826
2731,206.378017758_86.8092674952,FUV,8114
2741,194.493938543_85.0103460885,FUV,8114
2751,92.0682697701_69.640459179,FUV,8077
2761,182.067126282_86.3258244044,FUV,7900
2700,49.8076883255_53.4458943246,FUV,9226
2771,257.740451806_59.6491112467,FUV,98603
2710,168.208496614_83.7275028941,FUV,9083
2781,286.048206427_65.4029954227,FUV,7753
2791,115.314957296_78.3258092156,FUV,7996
2720,236.242559418_58.927858738,FUV,102407
2801,96.7140446062_63.761663825,FUV,18556
2730,206.378017758_86.8092674952,FUV,18909
2811,62.9050726179_55.0088961035,FUV,7622
2740,194.493938543_85.0103460885,FUV,7668
2821,20.7557306069_82.8568796374,FUV,8685
2750,92.0682697701_69.640459179,FUV,8362
2831,185.103015669_62.448664189,FUV,10190
2760,182.067126282_86.3258244044,FUV,7958
2841,304.029699563_69.5887146981,FUV,8881
2854,54.6209535715_67.467072603,FUV,7945
2851,169.41163662_65.7348474642,FUV,8246
2861,270.403574534_80.0505291273,FUV,8069
2864,332.893505353_86.7302391174,FUV,9062
2916,189.942758032_60.9135584998,FUV,118647
2871,253.266959198_73.0006816404,FUV,8237
2770,257.740451806_59.6491112467,FUV,100086
2874,175.644338105_55.4638544675,FUV,8184
2884,169.124054431_53.2935556814,FUV,8038
2780,203.219395287_89.3437925829,FUV,10083
2894,88.3867248671_69.8919767982,FUV,7911
2881,82.5138098251_61.3365358743,FUV,10203
2926,347.735903407_71.4799250153,FUV,8735
2904,178.143510306_59.3586846522,FUV,8178
2790,147.109401005_87.1998191357,FUV,11742
2891,198.996334758_86.6635655537,FUV,8114
2936,78.0809355402_86.8304750191,FUV,7730
2914,161.596381214_70.7453566664,FUV,8368
2800,96.7140446062_63.761663825,FUV,8162
2924,181.263423545_58.8390916067,FUV,8168
2946,115.5694731_67.6712570718,FUV,8621
2901,227.145312122_88.4305222397,FUV,12584
2911,132.98397322_56.8612789755,FUV,8014
2956,25.3200389816_76.1045512234,FUV,8876
2934,104.507278942_56.1216943624,FUV,7663
2810,62.9050726179_55.0088961035,FUV,8606
2921,104.815418599_65.5591150883,FUV,8272
2820,20.7557306069_82.8568796374,FUV,8511
2931,286.906410713_86.2387266943,FUV,8469
2944,234.644139364_74.0119284686,FUV,19052
2830,185.103015669_62.448664189,FUV,8146
2941,137.189336866_77.7470702085,FUV,8364
2954,25.3200389816_76.1045512234,FUV,19718
2840,304.029699563_69.5887146981,FUV,9217
2951,300.415145046_76.1331574617,FUV,19807
2966,160.788616497_63.0401697434,FUV,129177
2850,44.9104680249_71.1764841106,FUV,7465
2976,118.210100432_71.3723824004,FUV,8061
2860,305.989159866_83.9976311014,FUV,7553
2986,189.288709183_60.1820685577,FUV,8184
2870,102.464597162_62.9844062967,FUV,7966
2964,160.788616497_63.0401697434,FUV,128877
2996,117.348194631_84.5683930463,FUV,8120
2961,160.788616497_63.0401697434,FUV,125190
2880,82.5138098251_61.3365358743,FUV,10182
2974,315.732380137_88.0011543479,FUV,46546
2890,198.996334758_86.6635655537,FUV,8413
2984,138.961443968_55.0695373069,FUV,8377
2900,205.623266107_58.9553153757,FUV,7987
2971,160.788616497_63.0401697434,FUV,128651
3006,249.787948095_66.3393399024,FUV,94298
2981,241.714501589_74.0682233977,FUV,8011
3016,120.838968419_72.9141028197,FUV,8703
2910,132.98397322_56.8612789755,FUV,94807
2920,150.529008141_82.7025735614,FUV,8749
2994,190.024846602_61.6181400687,FUV,125291
3026,296.281094633_74.9897293086,FUV,9091
2930,143.718697927_72.2905247217,FUV,10105
2991,292.502629503_76.8795747038,FUV,15106
2498,3.36548806795_73.0346356428,FUV,19502
2508,133.66575406_78.774981285,FUV,10692
2518,293.886544258_68.3302450526,FUV,7423
2528,82.3729215457_83.2998750315,FUV,15249
2538,239.076919928_55.6760369552,FUV,114946
2548,179.01003361_84.3059853348,FUV,8490
2558,227.74169404_70.5492892829,FUV,7599
2568,164.665769792_78.9073166445,FUV,8674
2578,186.869635996_85.3905896994,FUV,8114
2588,201.790796593_78.884707273,FUV,8489
2598,268.010335108_83.1912432972,FUV,8250
2608,199.398459979_86.1465924791,FUV,8114
2618,57.5401141239_80.6194494636,FUV,8091
2628,229.758735823_75.9264206098,FUV,8142
2638,177.881855723_65.7079562788,FUV,8921
2648,94.1578386599_61.4342534131,FUV,8335
2658,283.361864276_63.7712963825,FUV,8040
2668,77.9821949984_62.9756516226,FUV,7976
2678,355.437422931_70.7098549326,FUV,7557
2688,270.224754903_62.0113773171,FUV,7695
2698,317.890263083_75.3608366799,FUV,8408
2708,124.451575623_61.438893143,FUV,8755
2718,236.242559418_58.927858738,FUV,100309
2728,179.300024938_85.1909537442,FUV,8153
2738,90.5900912481_76.4742040271,FUV,8002
2748,115.966624901_69.2952532893,FUV,8128
2758,150.688089275_87.8338900139,FUV,10745
2768,257.740451806_59.6491112467,FUV,99317
2778,257.740451806_59.6491112467,FUV,94713
2788,115.85518682_66.6273132724,FUV,8114
2798,118.899697149_67.1535285939,FUV,8206
2808,150.020626453_56.9007049561,FUV,8844
2818,20.7557306069_82.8568796374,FUV,8249
2828,53.800847618_81.6942855744,FUV,8543
2838,58.143877375_65.6380771728,FUV,7886
2848,228.050644544_84.6111233577,FUV,8080
2858,215.737112037_66.9322291951,FUV,9052
2868,38.7031954267_63.4034181125,FUV,15563
2878,126.236340876_54.4915195978,FUV,18780
2888,131.176105333_53.4810724371,FUV,15708
2898,11.194947164_85.6307000882,FUV,8243
2940,137.189336866_77.7470702085,FUV,10845
2908,132.98397322_56.8612789755,FUV,128215
3036,45.1955195311_65.0876641155,FUV,8448
3046,221.016240858_79.2007596789,FUV,8369
2950,300.415145046_76.1331574617,FUV,8456
2918,96.8011279966_72.465473085,FUV,9047
2960,160.788616497_63.0401697434,FUV,8913
3001,320.337842921_73.9264236107,FUV,11221
2928,279.755362539_86.7710399801,FUV,7842
3011,192.963058106_66.766788649,FUV,8611
2938,6.01761206772_83.2125672442,FUV,7453
3021,163.461260181_76.2223497166,FUV,9185
3031,151.796838972_63.908430698,FUV,8601
3056,156.454190427_68.0072209836,FUV,124042
2970,160.788616497_63.0401697434,FUV,119056
3041,86.1879758896_82.1473547877,FUV,10231
3066,217.773674271_69.7704942176,FUV,8308
3051,156.454190427_68.0072209836,FUV,10192
3076,106.22828709_79.5384136897,FUV,7850
2980,79.2463226497_72.4231639825,FUV,7685
3086,215.447289518_59.2663631985,FUV,8251
2948,300.415145046_76.1331574617,FUV,8035
2958,194.273679634_79.6495441438,FUV,8946
3096,214.553658821_87.6423918405,FUV,12808
3061,338.698066753_72.1458168803,FUV,8587
2990,292.502629503_76.8795747038,FUV,13062
3000,117.291587981_76.0081759865,FUV,8757
3071,46.9838416821_81.8625896847,FUV,8010
3106,270.114186447_81.0354171822,FUV,10000
3010,241.326011497_60.0932714331,FUV,8358
3081,322.914625023_84.474286904,FUV,7648
2968,160.788616497_63.0401697434,FUV,93632
3091,318.151982945_75.0226156458,FUV,8408
3020,305.172168565_72.332619311,FUV,11003
3101,214.425035329_78.5690586622,FUV,7680
2978,197.123137373_56.4149360188,FUV,17539
3030,84.6258710728_61.6989791213,FUV,10204
3111,2.63482895803_79.0218836877,FUV,8269
2988,314.685336815_72.8399750534,FUV,10263
3121,217.681938846_69.7872132158,FUV,8308
3040,86.1879758896_82.1473547877,FUV,9079
2998,117.291587981_76.0081759865,FUV,9057
3131,7.69534599171_86.7387616881,FUV,8184
3141,105.615460255_86.3205585757,FUV,8790
3151,109.903787765_56.9482192308,FUV,10081
3116,211.812239842_53.9257703409,FUV,121264
3161,253.552823418_89.0461719759,FUV,9231
3050,156.454190427_68.0072209836,FUV,119982
3008,249.787948095_66.3393399024,FUV,87613
3126,12.9845932451_74.0819564701,FUV,8059
3018,222.285964326_67.0972029489,FUV,13872
3060,338.698066753_72.1458168803,FUV,8351
3028,84.6258710728_61.6989791213,FUV,8115
3171,220.869323881_64.4454175457,FUV,125968
3070,293.262905254_69.6983399866,FUV,7484
3136,209.530791484_62.3078660844,FUV,128663
3181,273.600630846_77.918201945,FUV,7933
3080,322.914625023_84.474286904,FUV,8483
3146,95.0895519158_82.7168825115,FUV,8559
3038,302.911976447_55.0126459647,FUV,7432
3191,31.7425252472_78.7466143235,FUV,7916
3090,318.151982945_75.0226156458,FUV,10211
3156,270.590545469_83.9582531271,FUV,8383
3201,154.239291342_62.6673484051,FUV,8832
3100,124.444516787_81.2185986807,FUV,11224
3048,350.455463037_81.1857926971,FUV,7456
3110,69.3201675438_87.1779311365,FUV,7730
3166,325.477074929_87.1142867169,FUV,9062
3211,316.291630754_72.8172514604,FUV,7991
3221,228.733546136_55.6470535311,FUV,8057
3058,156.454190427_68.0072209836,FUV,128167
3231,62.0206925318_66.1745281825,FUV,8888
3120,211.812239842_53.9257703409,FUV,107224
3176,220.869323881_64.4454175457,FUV,95008
3241,175.389807266_79.2211509939,FUV,8823
3130,7.69534599171_86.7387616881,FUV,8365
3186,295.468739504_87.0640107205,FUV,7842
3140,105.615460255_86.3205585757,FUV,8194
2632,300.697776896_72.7659422971,FUV,8491
2642,74.3234612002_56.7410699399,FUV,8609
2652,38.903518331_77.9693612387,FUV,8230
2662,190.045432227_84.6550902562,FUV,7948
2672,63.5576523397_69.4582242506,FUV,41084
2682,262.386315907_65.7729746975,FUV,7907
2692,1.12062881707_83.2001740694,FUV,8306
2702,104.452006718_60.6622061127,FUV,8635
2712,113.315647437_86.6444503362,FUV,8626
2722,155.873342508_54.7437980575,FUV,7630
2732,186.429617342_82.3954372303,FUV,8016
2742,224.761212865_60.9760247733,FUV,7824
2752,172.030321596_87.804751441,FUV,15379
2762,105.917647768_56.2377384594,FUV,19600
2772,257.740451806_59.6491112467,FUV,95434
2782,182.548772382_87.8295558,FUV,15379
2792,229.070205308_67.0865353496,FUV,8140
2802,106.303965984_79.5214298688,FUV,8160
2812,52.0551795017_87.9615142947,FUV,8545
2822,227.392785672_83.3702530234,FUV,7474
2832,66.223238957_73.9665484602,FUV,8598
2842,153.590096977_53.3889509299,FUV,126590
2852,232.230830494_64.9150238592,FUV,8212
2862,270.403574534_80.0505291273,FUV,7847
2872,136.28901357_77.2700488695,FUV,18934
2882,156.198015436_63.5518568581,FUV,8220
2892,127.783026414_76.6193916902,FUV,8321
2902,353.13252327_86.6266645938,FUV,8930
2912,261.681751204_71.8660212713,FUV,8113
2922,104.815418599_65.5591150883,FUV,12707
2932,69.0032660076_57.6970928841,FUV,8393
2942,25.5306241693_75.6360203913,FUV,9801
2952,300.415145046_76.1331574617,FUV,21495
2962,160.788616497_63.0401697434,FUV,129089
2972,160.788616497_63.0401697434,FUV,103223
2982,85.2727332805_71.0487818961,FUV,7834
2992,102.168660581_87.4858722194,FUV,8626
3002,320.337842921_73.9264236107,FUV,42026
3012,48.5255224658_67.6362191845,FUV,7579
3022,314.304533441_74.5424243155,FUV,8033
3032,29.3846337774_87.5111384661,FUV,8582
3042,86.1879758896_82.1473547877,FUV,17161
3052,156.454190427_68.0072209836,FUV,116407
3062,23.3681707221_85.6306218088,FUV,8626
3072,222.604512958_74.4545557049,FUV,7931
3082,73.2170998167_71.7788119949,FUV,8658
3092,41.4370947481_65.6972603223,FUV,19232
3102,215.63470403_81.3196559566,FUV,8803
3112,2.63482895803_79.0218836877,FUV,10090
3122,158.524951259_56.0556758874,FUV,7977
3132,359.094597382_81.0927219663,FUV,8802
3142,182.562992477_85.4722678902,FUV,7758
3152,133.795647621_69.250666116,FUV,8337
3162,54.3530639807_62.4000978302,FUV,8486
3172,220.869323881_64.4454175457,FUV,126881
3182,273.600630846_77.918201945,FUV,7993
3192,84.627949207_53.8872260393,FUV,10835
3202,311.287012115_77.2618236699,FUV,19360
3068,263.654963705_79.4749642697,FUV,29105
3251,350.716546042_81.4913109108,FUV,19632
3150,109.903787765_56.9482192308,FUV,19766
3078,151.799736546_62.1092671334,FUV,8520
3261,0.275178772148_76.5753333287,FUV,7940
3160,161.545413177_73.9525906623,FUV,8182
3088,189.816284335_64.9977095294,FUV,7856
3271,178.497502951_86.8567934168,FUV,7557
3212,240.162763932_55.7551373794,FUV,111754
3098,304.154106565_73.1328962053,FUV,9019
3281,258.33418639_84.7516771689,FUV,7862
3108,192.484460585_86.5664108966,FUV,18889
3291,267.013728083_68.1772570875,FUV,7621
3222,305.203695737_70.6053929507,FUV,16845
3170,220.869323881_64.4454175457,FUV,123688
3232,62.0206925318_66.1745281825,FUV,8607
3242,151.197678724_81.155546593,FUV,8663
3301,328.946264943_74.873076259,FUV,16279
3118,211.812239842_53.9257703409,FUV,95981
3252,350.716546042_81.4913109108,FUV,17508
3180,220.869323881_64.4454175457,FUV,97509
3311,131.754004801_84.3331457177,FUV,18613
3128,4.35483360553_87.524600442,FUV,9833
3321,248.023817363_89.1764278087,FUV,9231
3190,31.7425252472_78.7466143235,FUV,8071
3331,268.796689964_84.3080125003,FUV,7985
3262,52.3453083016_68.2734971246,FUV,21963
3341,193.67557925_63.8512058057,FUV,8242
3200,154.239291342_62.6673484051,FUV,8541
3351,186.581368918_56.8396332304,FUV,8641
3272,178.497502951_86.8567934168,FUV,7870
3138,209.530791484_62.3078660844,FUV,88554
3361,275.401853387_81.6748688317,FUV,7893
3282,267.888931693_89.0789564624,FUV,9231
3371,175.520580294_86.4970287486,FUV,8115
3210,109.797831301_56.2723528517,FUV,19267
3148,95.0895519158_82.7168825115,FUV,14216
3220,123.962110362_69.7983247592,FUV,8288
3158,173.410661888_68.6422796548,FUV,8179
3292,267.013728083_68.1772570875,FUV,7552
3381,318.485481951_88.1250807259,FUV,7801
3230,186.769530264_73.4932978809,FUV,8310
3302,125.052991334_67.4581949414,FUV,11009
3391,164.031632871_85.9145307155,FUV,7988
3240,175.389807266_79.2211509939,FUV,8728
3401,150.156870518_74.6644743457,FUV,7530
3168,220.869323881_64.4454175457,FUV,8205
3250,127.875380162_67.9324236103,FUV,7844
3312,131.754004801_84.3331457177,FUV,18499
3411,2.08706145037_76.6156947127,FUV,7940
3322,145.44057926_83.7499302827,FUV,8118
3421,181.081870218_61.2782899363,FUV,10190
3260,0.275178772148_76.5753333287,FUV,8098
3332,252.191906143_81.1512779055,FUV,8187
3270,297.76896084_74.7171390696,FUV,8800
3342,202.136853168_87.4623557723,FUV,7595
3431,56.2138431987_75.1644934866,FUV,10663
3178,220.869323881_64.4454175457,FUV,95741
3352,99.7920377217_55.404480058,FUV,8484
3280,107.126897513_59.9154804206,FUV,8776
3188,215.868963033_70.3275407165,FUV,8000
2943,25.5306241693_75.6360203913,FUV,8876
2779,257.740451806_59.6491112467,FUV,126434
2789,115.85518682_66.6273132724,FUV,7934
2799,251.052795221_71.6798793883,FUV,8038
2809,123.490119539_80.6623409899,FUV,10678
2953,330.573092088_66.9984570416,FUV,11471
2963,160.788616497_63.0401697434,FUV,8183
2835,154.415640251_79.663950971,FUV,124137
2819,20.7557306069_82.8568796374,FUV,7981
2829,53.800847618_81.6942855744,FUV,7854
2839,123.278630809_60.4897044089,FUV,8073
2845,309.474343285_73.184960761,FUV,10677
2855,230.085665539_76.0208541111,FUV,8142
2865,152.190958192_58.4755986262,FUV,8338
2849,44.9104680249_71.1764841106,FUV,8199
2859,305.989159866_83.9976311014,FUV,8542
2973,160.788616497_63.0401697434,FUV,101742
2875,175.644338105_55.4638544675,FUV,7877
2869,224.521347959_67.8168056242,FUV,8314
2983,85.2727332805_71.0487818961,FUV,7752
2885,352.614007505_73.3826659193,FUV,7823
2993,190.024846602_61.6181400687,FUV,8907
2879,82.5138098251_61.3365358743,FUV,10012
2889,198.996334758_86.6635655537,FUV,8480
3003,270.614779531_58.6488255977,FUV,15658
2899,11.194947164_85.6307000882,FUV,8451
2895,327.966926277_87.222634179,FUV,72603
3013,48.5255224658_67.6362191845,FUV,8039
2905,190.272056464_86.0629592384,FUV,7958
2909,132.98397322_56.8612789755,FUV,17458
3023,314.304533441_74.5424243155,FUV,8129
2919,150.529008141_82.7025735614,FUV,8743
3033,29.3846337774_87.5111384661,FUV,8197
2929,143.718697927_72.2905247217,FUV,10401
2915,318.95926962_67.7697420404,FUV,8263
2939,143.517261572_67.8208268832,FUV,8133
3043,86.1879758896_82.1473547877,FUV,17201
2925,347.735903407_71.4799250153,FUV,7864
2949,300.415145046_76.1331574617,FUV,8582
2935,78.0809355402_86.8304750191,FUV,8164
2959,194.273679634_79.6495441438,FUV,8196
2945,115.5694731_67.6712570718,FUV,10299
2955,25.3200389816_76.1045512234,FUV,9801
3053,156.454190427_68.0072209836,FUV,128418
2969,160.788616497_63.0401697434,FUV,128922
3063,23.3681707221_85.6306218088,FUV,7942
2965,160.788616497_63.0401697434,FUV,128661
2979,79.2463226497_72.4231639825,FUV,8567
3073,89.384662439_70.6334053315,FUV,19019
2975,91.2894297738_82.650882008,FUV,14216
2989,292.502629503_76.8795747038,FUV,7701
2985,205.755153381_59.4393442016,FUV,8105
3083,73.2170998167_71.7788119949,FUV,7510
2999,117.291587981_76.0081759865,FUV,8733
3093,41.4370947481_65.6972603223,FUV,8061
3103,215.63470403_81.3196559566,FUV,8649
3009,249.787948095_66.3393399024,FUV,86233
3113,2.63482895803_79.0218836877,FUV,9442
2995,199.680231884_65.3458554769,FUV,106662
3019,305.172168565_72.332619311,FUV,8571
3123,45.6248552911_65.6324259905,FUV,8665
3029,84.6258710728_61.6989791213,FUV,7921
3133,359.094597382_81.0927219663,FUV,7522
3039,175.118667541_59.894858615,FUV,7798
3005,249.787948095_66.3393399024,FUV,64379
3143,182.562992477_85.4722678902,FUV,8153
3015,120.838968419_72.9141028197,FUV,8756
3153,349.589995065_83.9479722434,FUV,7440
3049,156.454190427_68.0072209836,FUV,20314
3025,296.281094633_74.9897293086,FUV,8526
3163,54.3530639807_62.4000978302,FUV,7590
3035,170.320303039_84.2335848214,FUV,19586
3045,221.016240858_79.2007596789,FUV,8207
3059,156.454190427_68.0072209836,FUV,128545
3069,91.2380552999_88.884967966,FUV,10263
3079,151.799736546_62.1092671334,FUV,8442
3055,156.454190427_68.0072209836,FUV,109348
3173,220.869323881_64.4454175457,FUV,127550
3089,101.570201426_74.0133612967,FUV,9287
3065,252.496906068_84.0892030801,FUV,8338
3099,216.786115401_62.7146044207,FUV,8143
3075,106.22828709_79.5384136897,FUV,8160
3085,175.230268135_61.3498492544,FUV,8090
3109,69.3201675438_87.1779311365,FUV,8164
3183,153.959435891_53.7998828912,FUV,126590
3095,81.7204194773_63.8966362593,FUV,7749
3193,71.4929410994_86.767157644,FUV,8164
3105,270.114186447_81.0354171822,FUV,9837
3203,311.287012115_77.2618236699,FUV,14765
3115,118.172197314_65.3760438459,FUV,7620
3119,211.812239842_53.9257703409,FUV,100765
3125,212.33651332_88.1099659764,FUV,12808
3129,109.204441815_88.993371247,FUV,10263
3213,240.162763932_55.7551373794,FUV,122937
3135,209.530791484_62.3078660844,FUV,128775
3223,305.203695737_70.6053929507,FUV,16896
3139,209.530791484_62.3078660844,FUV,126891
3233,62.0206925318_66.1745281825,FUV,8532
3149,95.0895519158_82.7168825115,FUV,14297
3243,151.197678724_81.155546593,FUV,8670
3159,160.442264305_72.7214855745,FUV,8797
3145,211.633742267_55.0872127094,FUV,127133
3155,290.218738663_86.5726258476,FUV,7842
3165,273.88888427_84.674275275,FUV,18766
3169,220.869323881_64.4454175457,FUV,120945
3253,67.5251613422_85.2829461133,FUV,123746
3263,73.2361767732_75.3245306114,FUV,8675
3273,99.2171169939_79.5934413507,FUV,7724
3175,220.869323881_64.4454175457,FUV,89967
3179,220.869323881_64.4454175457,FUV,97233
3283,212.587397153_89.416008191,FUV,10083
3189,176.79958607_60.4250047135,FUV,8178
3185,69.7851963034_54.8975986573,FUV,8376
3293,242.067995616_80.9303421966,FUV,18740
3199,303.657885383_74.811396911,FUV,8285
3195,262.583171372_71.1419816844,FUV,7947
3209,190.636779772_53.717285024,FUV,8250
3303,280.880848689_79.197451037,FUV,8163
3313,217.550463721_74.7763420485,FUV,7839
2727,179.300024938_85.1909537442,FUV,7758
2737,90.5900912481_76.4742040271,FUV,8004
2747,27.9772453197_87.0292843378,FUV,8195
2757,176.956254006_71.3848559119,FUV,7859
2767,257.740451806_59.6491112467,FUV,99333
2777,257.740451806_59.6491112467,FUV,98142
2787,64.7259471695_78.7418970648,FUV,7523
2797,128.704020239_78.9731616035,FUV,11610
2807,219.17922271_72.8619339265,FUV,8018
2817,133.8919638_77.3252050292,FUV,8364
2827,233.392592219_66.6447061451,FUV,8270
2837,58.143877375_65.6380771728,FUV,8667
2847,228.050644544_84.6111233577,FUV,8403
2857,154.093489009_69.6403409394,FUV,8303
2867,38.7031954267_63.4034181125,FUV,17331
2877,126.236340876_54.4915195978,FUV,18945
2887,131.176105333_53.4810724371,FUV,14756
2897,186.014289516_64.3314058805,FUV,8091
2907,132.98397322_56.8612789755,FUV,127816
2917,147.27269949_76.4186683134,FUV,10483
2927,179.975653596_71.3120848035,FUV,8323
2937,6.01761206772_83.2125672442,FUV,8676
2947,200.848317928_62.4211808785,FUV,8158
2957,176.243386012_62.7870770571,FUV,8308
2967,160.788616497_63.0401697434,FUV,128944
2977,197.123137373_56.4149360188,FUV,18003
2987,189.288709183_60.1820685577,FUV,118647
2997,117.348194631_84.5683930463,FUV,8475
3007,249.787948095_66.3393399024,FUV,90197
3017,184.341969909_75.7305511683,FUV,8974
3027,84.6258710728_61.6989791213,FUV,8137
3037,45.1955195311_65.0876641155,FUV,8011
3047,350.455463037_81.1857926971,FUV,8693
3057,156.454190427_68.0072209836,FUV,128488
3067,263.654963705_79.4749642697,FUV,28054
3077,314.167019371_76.3061535038,FUV,7989
3087,189.816284335_64.9977095294,FUV,9288
3097,304.154106565_73.1328962053,FUV,105184
3107,192.484460585_86.5664108966,FUV,17575
3205,311.287012115_77.2618236699,FUV,22135
3323,145.44057926_83.7499302827,FUV,8089
3117,211.812239842_53.9257703409,FUV,107880
3333,335.00153493_73.5288852218,FUV,7844
3219,240.162763932_55.7551373794,FUV,88346
3127,72.065561908_54.4782802835,FUV,8224
3343,202.136853168_87.4623557723,FUV,8230
3215,240.162763932_55.7551373794,FUV,95860
3229,357.372314519_87.1318020851,FUV,22406
3353,99.7920377217_55.404480058,FUV,7570
3239,201.941551844_56.708050656,FUV,8326
3363,215.90652401_84.6106441698,FUV,9090
3137,209.530791484_62.3078660844,FUV,81793
3147,95.0895519158_82.7168825115,FUV,7877
3373,124.810157289_64.9376634757,FUV,19723
3225,212.372325747_55.392074603,FUV,127133
3157,270.590545469_83.9582531271,FUV,7985
3235,133.310049759_77.9745998107,FUV,8364
3383,118.704628528_60.1126106284,FUV,8369
3393,217.876642244_81.5851412147,FUV,8417
3167,115.403275438_63.7731786428,FUV,8139
3245,94.319893699_61.0302364576,FUV,7795
3403,335.952841747_83.7562316056,FUV,7744
3249,67.8486238799_85.6470408493,FUV,127175
3362,275.401853387_81.6748688317,FUV,8177
3259,111.328698477_65.9076227526,FUV,8338
3198,303.657885383_74.811396911,FUV,8587
3290,109.028989698_74.3036280782,FUV,8094
3372,175.520580294_86.4970287486,FUV,7988
3177,220.869323881_64.4454175457,FUV,95031
3269,297.76896084_74.7171390696,FUV,8433
3208,72.2618956926_71.5281105068,FUV,7510
3255,67.5251613422_85.2829461133,FUV,127175
3382,277.561928864_77.4386503249,FUV,18132
3413,112.565216216_69.1491686586,FUV,93304
3300,328.946264943_74.873076259,FUV,17570
3265,322.676120449_88.9220282502,FUV,7801
3187,215.868963033_70.3275407165,FUV,8156
3279,137.97484445_85.4129134115,FUV,20863
3392,217.876642244_81.5851412147,FUV,8870
3310,193.322562063_85.6881922431,FUV,8114
3423,306.700477663_86.2137223135,FUV,7628
3275,177.437114435_59.6213726662,FUV,8178
3289,109.028989698_74.3036280782,FUV,8271
3320,248.023817363_89.1764278087,FUV,10083
3402,288.237476927_74.5276097241,FUV,7918
3299,62.9627432335_87.2864678928,FUV,7730
3285,91.3999035394_68.0515796777,FUV,9444
3330,268.796689964_84.3080125003,FUV,8383
3309,193.322562063_85.6881922431,FUV,7668
3433,316.69997166_64.2060821847,FUV,10814
3218,240.162763932_55.7551373794,FUV,84317
3197,303.657885383_74.811396911,FUV,8016
3228,121.228559532_89.0509873682,FUV,10515
3295,244.21571001_87.5993282453,FUV,12528
3443,354.285555799_73.334192479,FUV,7823
3305,196.723652653_56.0846158477,FUV,7633
3207,72.2618956926_71.5281105068,FUV,8658
3238,166.168695946_85.2088922283,FUV,8116
3453,230.390844879_81.3031567241,FUV,8299
3319,232.228223671_64.6856368953,FUV,119370
3315,141.416260199_82.6561348394,FUV,18537
3463,103.335820616_72.4284347154,FUV,9529
3340,139.99442497_57.7059095807,FUV,128073
3329,215.575520624_79.1271233675,FUV,8725
3325,120.390981371_73.4090094679,FUV,9346
3412,112.565216216_69.1491686586,FUV,127932
3339,139.99442497_57.7059095807,FUV,8760
3473,66.7041261727_77.4281314602,FUV,8716
3350,275.30159004_58.1060957027,FUV,7892
3422,181.081870218_61.2782899363,FUV,8169
3483,238.279812421_68.296408739,FUV,8138
3360,99.6503265362_70.5331592818,FUV,8444
3335,60.2790687023_56.1647832077,FUV,7482
3349,266.260306503_87.1469322835,FUV,13019
3432,56.2138431987_75.1644934866,FUV,10677
3248,67.8486238799_85.6470408493,FUV,120482
3493,295.720826481_81.9521727603,FUV,8830
3345,220.720440732_78.3971797102,FUV,8217
3359,233.849899756_81.002701815,FUV,8372
3004,249.787948095_66.3393399024,FUV,118683
3014,120.838968419_72.9141028197,FUV,9346
3024,314.304533441_74.5424243155,FUV,15013
3034,170.320303039_84.2335848214,FUV,19984
3044,342.89056141_79.7970211827,FUV,8799
3054,156.454190427_68.0072209836,FUV,118901
3064,252.496906068_84.0892030801,FUV,8102
3074,89.384662439_70.6334053315,FUV,18350
3084,297.441912777_89.2437182951,FUV,9231
3094,81.7204194773_63.8966362593,FUV,8032
3104,221.653543393_59.9947309047,FUV,7776
3114,118.172197314_65.3760438459,FUV,10730
3124,45.6248552911_65.6324259905,FUV,8191
3134,209.530791484_62.3078660844,FUV,8244
3144,163.689201919_54.5317261939,FUV,10803
3154,271.105436113_75.8357973535,FUV,8041
3164,273.88888427_84.674275275,FUV,19530
3174,220.869323881_64.4454175457,FUV,8894
3184,134.426567425_72.3630312983,FUV,8815
3194,71.4929410994_86.767157644,FUV,7730
3204,311.287012115_77.2618236699,FUV,17586
3214,240.162763932_55.7551373794,FUV,125351
3224,295.865774915_84.4055251096,FUV,8713
3234,62.0206925318_66.1745281825,FUV,7680
3244,94.319893699_61.0302364576,FUV,8335
3254,67.5251613422_85.2829461133,FUV,120482
3264,73.2361767732_75.3245306114,FUV,7455
3274,99.2171169939_79.5934413507,FUV,8069
3284,229.807915467_66.6638255157,FUV,8082
3294,242.067995616_80.9303421966,FUV,18514
3304,280.880848689_79.197451037,FUV,8008
3314,217.550463721_74.7763420485,FUV,11651
3324,162.231576722_71.5961961636,FUV,8641
3334,60.2790687023_56.1647832077,FUV,8408
3344,202.136853168_87.4623557723,FUV,13367
3354,192.539603707_64.3347609565,FUV,8175
3364,215.90652401_84.6106441698,FUV,8404
3374,127.313203344_81.3299989061,FUV,11224
3384,110.837679774_69.587345101,FUV,8219
3394,356.54623088_72.5930531748,FUV,7925
3404,335.952841747_83.7562316056,FUV,7698
3414,112.565216216_69.1491686586,FUV,8197
3424,303.929949445_78.9139679694,FUV,8074
3434,227.518182167_85.9618778058,FUV,8025
3444,354.285555799_73.334192479,FUV,8190
3454,212.596748008_58.6494945013,FUV,7636
3217,240.162763932_55.7551373794,FUV,110997
3464,289.740904566_62.8063406035,FUV,7694
3355,197.659239786_76.8739787561,FUV,8133
3503,226.74708777_82.595355104,FUV,8206
3442,185.831445988_83.2700486047,FUV,8466
3227,154.559060142_59.3149187571,FUV,8949
3452,230.390844879_81.3031567241,FUV,8204
3474,159.156399826_83.3007260618,FUV,9027
3513,105.232954334_75.5744292947,FUV,8486
3365,215.90652401_84.6106441698,FUV,9948
3484,177.38013642_56.9809519233,FUV,8096
3237,142.157614513_55.1042959972,FUV,20030
3462,127.221964921_84.0989985884,FUV,7588
3523,288.309367847_84.4940707481,FUV,10985
3369,303.025257427_60.0522046075,FUV,12854
3494,83.1558813414_60.7163447687,FUV,8750
3472,198.515366522_84.3150696626,FUV,8537
3379,166.147651169_65.6441814566,FUV,11636
3504,226.74708777_82.595355104,FUV,7858
3482,174.353678292_70.9057458772,FUV,8903
3533,296.949082459_74.8015561789,FUV,17973
3389,255.727648195_86.820168468,FUV,13019
3514,70.5355007396_72.6599170297,FUV,8809
3543,209.244723225_82.2314303275,FUV,8117
3375,91.381997645_74.6668183795,FUV,179315
3247,67.8486238799_85.6470408493,FUV,123746
3399,66.5660125002_55.1465949734,FUV,8174
3524,290.154575624_83.366566529,FUV,8364
3385,188.479909698_71.7509033068,FUV,8066
3257,210.026273259_83.7837714876,FUV,9086
3553,225.04358459_63.2574134024,FUV,7538
3409,13.6305315794_87.5660745264,FUV,9833
3563,147.503254008_67.9528694165,FUV,8293
3534,64.2581398719_58.1992539958,FUV,8006
3395,356.54623088_72.5930531748,FUV,8158
3419,100.165839272_55.8268086436,FUV,10303
3573,146.263833968_83.8419121072,FUV,8089
3544,209.244723225_82.2314303275,FUV,8296
3267,314.313976177_65.084927749,FUV,10764
3429,102.464628829_57.3680792717,FUV,8097
3583,30.7404500843_84.2411910625,FUV,8482
3405,64.0313092625_67.5021271928,FUV,8843
3277,91.5977168332_81.0091378311,FUV,8267
3287,137.556231318_61.3844530857,FUV,10446
3439,88.0682636589_83.4647306187,FUV,14463
3415,105.790494769_77.926654852,FUV,8260
3593,116.452510916_85.1862339808,FUV,19251
3449,176.470312408_68.7621716555,FUV,8245
3425,320.582459668_88.8908634801,FUV,7801
3459,227.95533569_79.8203411677,FUV,7913
3492,63.8746332726_83.0121751838,FUV,120819
3297,83.1270421743_55.4639030273,FUV,10631
3435,159.965336681_88.6989517102,FUV,10515
3502,226.74708777_82.595355104,FUV,7641
3554,147.503254008_67.9528694165,FUV,128232
3603,322.231251114_74.1132272806,FUV,11221
3445,91.0229335477_79.6403404729,FUV,7936
3469,98.8683294326_82.6935368326,FUV,19762
3307,293.91926312_53.609154234,FUV,8636
3512,105.232954334_75.5744292947,FUV,8166
3455,212.596748008_58.6494945013,FUV,7911
3317,141.470279259_55.5027488704,FUV,8851
3479,177.776876697_65.1083445731,FUV,7542
3522,121.842498283_77.2068701306,FUV,7987
3327,120.390981371_73.4090094679,FUV,8703
3613,172.705524138_83.59820953,FUV,16825
3465,289.740904566_62.8063406035,FUV,7657
3489,356.358043201_73.8357133155,FUV,7843
3337,25.779700599_79.1287722923,FUV,8316
3475,159.156399826_83.3007260618,FUV,8412
3347,214.879868981_62.5222716308,FUV,8314
3532,296.949082459_74.8015561789,FUV,19649
3499,341.195063797_88.6863410904,FUV,7801
3196,118.94102869_59.8586487403,FUV,8369
3206,209.172836671_69.0025750954,FUV,9289
3216,240.162763932_55.7551373794,FUV,95909
3226,71.2198024733_64.6445689409,FUV,8101
3236,53.7249716315_68.0813537943,FUV,18160
3246,295.603883359_55.9557733323,FUV,7638
3256,320.199291167_87.1428728967,FUV,9062
3266,314.313976177_65.084927749,FUV,9444
3276,91.5977168332_81.0091378311,FUV,8160
3286,212.899385616_89.4447425787,FUV,10083
3296,181.145048595_72.2800771328,FUV,8298
3306,293.91926312_53.609154234,FUV,7443
3316,141.416260199_82.6561348394,FUV,8067
3326,120.390981371_73.4090094679,FUV,8756
3336,25.779700599_79.1287722923,FUV,8461
3346,336.865055979_85.696771022,FUV,7748
3356,288.358040087_72.390452661,FUV,55996
3366,34.1160899246_78.9165457202,FUV,8071
3376,91.381997645_74.6668183795,FUV,126402
3386,186.491722174_53.3634580413,FUV,8138
3396,278.609849984_59.1550171864,FUV,7833
3406,64.0313092625_67.5021271928,FUV,8399
3416,105.790494769_77.926654852,FUV,8052
3426,81.2904920752_60.1279146476,FUV,8629
3436,248.76984296_54.0053243281,FUV,8361
3446,91.0229335477_79.6403404729,FUV,8239
3456,136.992267795_67.3183645611,FUV,8128
3466,66.7369888732_75.3999310429,FUV,8379
3476,66.7143525376_82.2109000644,FUV,8831
3486,167.448219667_67.1797652221,FUV,8066
3496,83.1558813414_60.7163447687,FUV,7889
3506,95.5843262901_62.0474368249,FUV,18619
3516,70.5355007396_72.6599170297,FUV,7595
3485,177.38013642_56.9809519233,FUV,7867
3509,198.528780893_60.2120170047,FUV,8482
3526,312.655721869_71.9802566996,FUV,9827
3564,147.503254008_67.9528694165,FUV,114903
3495,83.1558813414_60.7163447687,FUV,8160
3536,267.098229164_61.3746728268,FUV,8158
3519,3.8516411319_78.7226934484,FUV,9442
3505,226.74708777_82.595355104,FUV,8176
3623,234.143327694_77.2177963238,FUV,118475
3574,267.749710686_80.667247996,FUV,8230
3584,219.420693278_74.4384256227,FUV,11639
3633,225.156736192_73.3663200378,FUV,11600
3529,200.817109337_85.7532627604,FUV,8402
3357,288.358040087_72.390452661,FUV,55766
3546,29.0714068123_74.5737954081,FUV,8949
3515,70.5355007396_72.6599170297,FUV,8379
3367,34.1160899246_78.9165457202,FUV,7916
3594,218.679081665_61.656933267,FUV,8398
3539,93.5250095896_83.063643559,FUV,14216
3377,261.231316378_88.9917877202,FUV,9231
3643,338.190793526_67.8111577771,FUV,7740
3525,290.154575624_83.366566529,FUV,8570
3387,134.189568755_54.5461479438,FUV,14091
3549,80.8176523809_56.1784460516,FUV,8594
3604,322.231251114_74.1132272806,FUV,13807
3397,120.339505798_80.3136538539,FUV,10678
3614,199.236134249_76.759960753,FUV,8133
3653,32.5474976501_68.1797203595,FUV,8042
3535,349.153405324_68.218644561,FUV,9773
3407,13.6305315794_87.5660745264,FUV,8582
3663,112.066589684_74.6266957582,FUV,8146
3417,171.702332095_77.564705847,FUV,8817
3556,147.503254008_67.9528694165,FUV,128270
3545,29.0714068123_74.5737954081,FUV,9543
3673,177.272657063_84.3266297447,FUV,19821
3427,81.2904920752_60.1279146476,FUV,8117
3437,206.5690329_64.0707224817,FUV,8223
3683,89.8063944125_74.2122756575,FUV,7856
3624,234.143327694_77.2177963238,FUV,106878
3693,143.980532635_85.0359659853,FUV,7780
3559,147.503254008_67.9528694165,FUV,128343
3634,234.362739351_81.0788095227,FUV,8048
3447,3.66208425424_77.6028388836,FUV,8284
3703,106.132324247_70.3242551371,FUV,9609
3644,270.16327682_59.9527022309,FUV,7869
3457,252.908292226_85.1574212319,FUV,7846
3555,147.503254008_67.9528694165,FUV,128139
3713,226.088363432_80.9067639844,FUV,8154
3569,68.251464069_78.4834342455,FUV,19566
3566,147.503254008_67.9528694165,FUV,128426
3467,66.7369888732_75.3999310429,FUV,7876
3723,233.119074894_78.6127493255,FUV,8288
3576,113.190200061_84.9277259119,FUV,8120
3654,32.5474976501_68.1797203595,FUV,7942
3733,305.145615326_83.565677839,FUV,7738
3579,91.6562720378_80.4565888044,FUV,9986
3477,66.7143525376_82.2109000644,FUV,7509
3586,60.9171064897_72.7918653974,FUV,10855
3664,291.826477241_69.7506967434,FUV,7569
3589,112.181008846_77.0796487392,FUV,7795
3743,269.467315232_54.2168167581,FUV,7704
3596,237.76478194_79.1397799847,FUV,8300
3674,93.3185252343_63.797496142,FUV,7931
3487,92.3979563831_55.7570838244,FUV,8709
3606,111.964704439_78.131087019,FUV,8284
3753,291.137525347_77.0669690511,FUV,7701
3684,180.862202123_84.0007804841,FUV,8490
3565,147.503254008_67.9528694165,FUV,99137
3763,131.498806035_56.9140448255,FUV,8238
3497,83.1558813414_60.7163447687,FUV,10215
3694,140.730736141_76.1832834022,FUV,7894
3616,72.8866928428_57.9509928559,FUV,8073
3575,103.675276539_61.795240623,FUV,8780
3599,143.537595706_84.495175087,FUV,71301
3704,230.690744657_87.6288696894,FUV,12528
3609,197.45607228_82.187082826,FUV,8281
3507,95.5843262901_62.0474368249,FUV,18484
3626,213.944707291_86.5526790813,FUV,41045
3619,254.133852035_81.3865955369,FUV,8259
3636,133.612986407_68.2455499561,FUV,8801
3714,108.227623869_60.7044591102,FUV,19724
3517,3.8516411319_78.7226934484,FUV,8269
3724,189.943743044_72.2772288335,FUV,8040
3646,270.392330636_84.4526869177,FUV,7985
3585,60.9171064897_72.7918653974,FUV,9833
3527,163.378782176_71.2952025623,FUV,9183
3441,185.831445988_83.2700486047,FUV,8498
3451,100.198127105_66.5046089288,FUV,7851
3461,127.221964921_84.0989985884,FUV,8107
3471,198.515366522_84.3150696626,FUV,9069
3481,232.179002104_64.2321313056,FUV,119370
3491,63.8746332726_83.0121751838,FUV,20268
3501,168.497839752_54.5455377358,FUV,7751
3511,88.1570299543_66.7442904134,FUV,7774
3521,200.616562827_83.0410388434,FUV,8480
3531,187.312908911_66.3175436582,FUV,7939
3541,209.244723225_82.2314303275,FUV,8876
3551,275.466224424_79.8538727531,FUV,8069
3561,147.503254008_67.9528694165,FUV,128328
3571,341.944699997_79.6046787215,FUV,8799
3581,131.171572749_62.0032543258,FUV,19706
3591,116.452510916_85.1862339808,FUV,8028
3601,55.4685018596_69.2054169684,FUV,8353
3611,183.053524835_79.7023161886,FUV,8316
3621,118.492560646_71.2155098542,FUV,8061
3631,304.421386403_59.6847500957,FUV,12723
3641,328.234742531_67.6585067351,FUV,11970
3651,273.537142818_77.3794616001,FUV,7584
3661,217.951922782_53.033367199,FUV,9225
3671,203.599524737_77.5469505547,FUV,7970
3681,89.8063944125_74.2122756575,FUV,126402
3691,266.179603445_56.3941405422,FUV,8175
3701,310.622033008_87.5653427157,FUV,9094
3711,142.726568419_82.2208012275,FUV,7965
3721,142.326170566_75.1377024559,FUV,8080
3656,86.9610302427_84.4466013743,FUV,8579
3537,93.5250095896_83.063643559,FUV,8342
3734,305.145615326_83.565677839,FUV,9082
3547,222.888539311_68.8308468789,FUV,8152
3731,258.818215712_66.0320902736,FUV,96967
3744,126.58496629_88.5547399642,FUV,10515
3741,230.106512113_81.2640032405,FUV,8204
3666,92.8414743937_70.7681415103,FUV,15173
3754,291.137525347_77.0669690511,FUV,13062
3751,90.2783364023_83.6043386344,FUV,15257
3676,93.3185252343_63.797496142,FUV,14814
3764,210.488980682_59.4212537043,FUV,27575
3761,260.670544151_79.1821693731,FUV,32543
3557,147.503254008_67.9528694165,FUV,128227
3686,279.71430913_77.1951846773,FUV,28990
3567,133.583020206_88.1604285876,FUV,10745
3696,77.207353608_80.657026918,FUV,7439
3577,113.190200061_84.9277259119,FUV,8475
3706,333.662838445_76.0325450647,FUV,8039
3587,60.9171064897_72.7918653974,FUV,10961
3774,142.433378016_70.6213020661,FUV,128574
3771,142.433378016_70.6213020661,FUV,93290
3597,208.142610627_67.4881832109,FUV,8927
3781,90.4331460058_65.708642475,FUV,7944
3607,111.964704439_78.131087019,FUV,8044
3716,294.969018476_66.7987777947,FUV,13312
3617,254.133852035_81.3865955369,FUV,8187
3791,224.032510329_67.2442953012,FUV,13872
3784,90.4331460058_65.708642475,FUV,15891
3726,127.167266154_73.8333384657,FUV,8972
3627,153.655685801_78.116752343,FUV,9724
3801,146.861996057_76.3918689808,FUV,10483
3794,91.0728405793_59.2732343753,FUV,8238
3637,106.135516633_64.3457492067,FUV,8275
3811,13.5301865349_85.2585217371,FUV,8243
3804,253.055423561_76.6719424722,FUV,7791
3736,172.052585718_64.2250505805,FUV,30258
3647,86.434255498_79.4879222994,FUV,8083
3814,134.099555906_54.4299858719,FUV,7793
3746,198.740117241_72.7170030565,FUV,8236
3657,86.9610302427_84.4466013743,FUV,8178
3821,56.1510838956_58.1304609749,FUV,7263
3824,167.871236115_88.9962944406,FUV,10515
3756,136.715195892_87.882862384,FUV,10745
3834,167.8559307_61.7947998595,FUV,10227
3766,198.208641243_73.2207083777,FUV,8307
3831,65.2303375034_70.3002453743,FUV,8311
3844,5.2447434348_78.5500477376,FUV,20744
3776,142.433378016_70.6213020661,FUV,128020
3841,5.2447434348_78.5500477376,FUV,15964
3667,92.8414743937_70.7681415103,FUV,125740
3854,214.297121042_54.6704844267,FUV,109764
3786,1.27971376719_77.4302839128,FUV,8198
3851,29.2379709394_73.3828365104,FUV,8858
3677,93.3185252343_63.797496142,FUV,15765
3687,192.11366739_86.0785902843,FUV,7958
3861,206.598789681_58.3142281477,FUV,18872
3697,222.916787256_70.8552766046,FUV,8025
3871,153.145247607_60.1131966948,FUV,8105
3707,198.718209776_66.7591384914,FUV,7931
3796,257.697703029_80.6840208265,FUV,40307
3881,78.8953700726_77.9595892688,FUV,7805
3806,54.2483972094_71.2835240177,FUV,8472
3717,15.075925308_71.5018878734,FUV,8369
3864,129.282962013_54.145282142,FUV,127868
3891,120.510483737_85.7840599426,FUV,15737
3874,4.83059180035_79.0375804687,FUV,10090
3816,70.901294009_61.2012016189,FUV,17190
3901,240.58403595_63.2956349165,FUV,8608
3826,168.318019104_66.1705448062,FUV,7861
3884,162.13667129_73.8506597008,FUV,8182
3911,94.1114571861_77.8832366147,FUV,8176
3921,205.563154297_69.4461811308,FUV,8735
3836,246.351463859_88.8118670154,FUV,12584
3727,79.413869465_63.193738317,FUV,39846
3737,172.052585718_64.2250505805,FUV,8000
3931,188.283071424_76.9176167188,FUV,9028
3747,312.345795461_84.0444039974,FUV,8756
3846,77.475451174_61.1989749455,FUV,14122
3757,84.7879043796_73.7451812926,FUV,8074
3767,221.571745601_76.508478452,FUV,10235
3941,161.243609623_56.8546486236,FUV,120222
3894,120.510483737_85.7840599426,FUV,120318
3951,265.21594477_85.3442614535,FUV,8020
3904,287.50331098_87.3499928695,FUV,10054
3856,214.297121042_54.6704844267,FUV,95869
3866,129.282962013_54.145282142,FUV,8468
3914,171.877664013_87.4407788914,FUV,7557
3924,217.421186789_65.3260065813,FUV,9155
3876,290.5595646_69.4729068829,FUV,7569
3258,210.026273259_83.7837714876,FUV,8394
3370,303.025257427_60.0522046075,FUV,12172
3268,252.104197548_87.059426217,FUV,13019
3380,101.268458113_88.2205188916,FUV,10263
3390,164.031632871_85.9145307155,FUV,8115
3278,137.97484445_85.4129134115,FUV,20601
3400,189.666675321_64.6801881773,FUV,7868
3288,109.028989698_74.3036280782,FUV,8335
3298,62.9627432335_87.2864678928,FUV,8164
3410,2.08706145037_76.6156947127,FUV,8098
3308,212.382467388_56.3593596475,FUV,7712
3420,100.165839272_55.8268086436,FUV,9595
3318,232.228223671_64.6856368953,FUV,8212
3328,215.575520624_79.1271233675,FUV,8970
3338,181.016778067_75.6969672887,FUV,9018
3348,158.762383347_73.9662147192,FUV,8037
3430,56.2138431987_75.1644934866,FUV,9824
3358,233.849899756_81.002701815,FUV,8048
3440,226.658864419_85.9094783449,FUV,8025
3450,100.198127105_66.5046089288,FUV,8260
3368,303.025257427_60.0522046075,FUV,8245
3460,227.95533569_79.8203411677,FUV,8230
3470,98.8683294326_82.6935368326,FUV,18566
3378,166.147651169_65.6441814566,FUV,126759
3480,232.179002104_64.2321313056,FUV,8112
3388,134.189568755_54.5461479438,FUV,7793
3490,356.358043201_73.8357133155,FUV,8126
3398,66.5660125002_55.1465949734,FUV,8696
3500,305.974992683_88.8928277992,FUV,7801
3408,13.6305315794_87.5660745264,FUV,8197
3418,171.702332095_77.564705847,FUV,8536
3510,88.1570299543_66.7442904134,FUV,8303
3428,102.464628829_57.3680792717,FUV,8166
3520,200.616562827_83.0410388434,FUV,8689
3530,182.207206378_58.4673961496,FUV,8315
3438,88.0682636589_83.4647306187,FUV,15257
3540,93.5250095896_83.063643559,FUV,14297
3448,3.66208425424_77.6028388836,FUV,8094
3550,80.8176523809_56.1784460516,FUV,8025
3458,178.60462245_75.0956847947,FUV,8785
3468,336.871154769_84.8840487504,FUV,7748
3478,341.055330463_74.4331047067,FUV,7942
3488,92.3979563831_55.7570838244,FUV,7899
3560,147.503254008_67.9528694165,FUV,128387
3498,104.133778374_61.5704920566,FUV,8699
3508,242.819583898_86.6673339207,FUV,8148
3570,68.251464069_78.4834342455,FUV,17422
3518,3.8516411319_78.7226934484,FUV,10090
3580,66.1461882754_54.371516252,FUV,8127
3528,200.817109337_85.7532627604,FUV,9672
3538,93.5250095896_83.063643559,FUV,8364
3548,80.8176523809_56.1784460516,FUV,10375
3590,116.452510916_85.1862339808,FUV,8061
3600,143.537595706_84.495175087,FUV,67869
3558,147.503254008_67.9528694165,FUV,121048
3610,183.053524835_79.7023161886,FUV,8177
3568,241.971987476_74.3680763036,FUV,8281
3620,322.178227255_85.9590465675,FUV,9718
3578,91.6562720378_80.4565888044,FUV,10155
3630,304.421386403_59.6847500957,FUV,13011
3588,233.964415112_88.0188965231,FUV,45025
3640,328.234742531_67.6585067351,FUV,9210
3650,140.495293656_87.7678489233,FUV,10745
3598,208.142610627_67.4881832109,FUV,107902
3660,350.466789901_72.7336625512,FUV,7707
3608,197.45607228_82.187082826,FUV,7968
3670,203.599524737_77.5469505547,FUV,9140
3618,254.133852035_81.3865955369,FUV,8064
3680,89.8063944125_74.2122756575,FUV,179315
3628,89.3201270617_74.9320760878,FUV,177789
3638,106.135516633_64.3457492067,FUV,13444
3648,255.866245164_84.9404453726,FUV,7862
3658,86.9610302427_84.4466013743,FUV,15308
3668,222.883067971_57.4751166055,FUV,8822
3690,266.179603445_56.3941405422,FUV,103713
3678,93.3185252343_63.797496142,FUV,15814
3700,104.690215812_66.3580278989,FUV,13586
3688,192.11366739_86.0785902843,FUV,7900
3710,142.726568419_82.2208012275,FUV,8179
3698,104.690215812_66.3580278989,FUV,8109
3708,101.143993317_87.1375385074,FUV,8626
3720,54.1638102124_65.9489959957,FUV,8671
3730,256.739030338_89.4312872608,FUV,9231
3718,15.075925308_71.5018878734,FUV,7372
3728,79.413869465_63.193738317,FUV,39353
3740,315.145390421_70.6497100755,FUV,11751
3750,151.456751649_74.3308934118,FUV,10209
3760,265.678378705_68.6263404826,FUV,7559
3738,172.052585718_64.2250505805,FUV,103325
3748,192.960926936_78.1889438638,FUV,9229
3758,84.7879043796_73.7451812926,FUV,7760
3770,142.433378016_70.6213020661,FUV,128568
3768,142.433378016_70.6213020661,FUV,9054
3780,90.4331460058_65.708642475,FUV,8219
3790,87.4609652775_81.0613009615,FUV,8267
3778,142.433378016_70.6213020661,FUV,78945
3800,162.396886363_53.878760261,FUV,10881
3961,219.08355731_84.847122951,FUV,53283
3788,195.763496999_53.3016772396,FUV,7939
3886,231.646508007_63.8910943303,FUV,8112
3810,179.762796467_77.371396553,FUV,7576
3896,191.585357468_86.47241905,FUV,18889
3971,289.031935116_62.3581707249,FUV,7694
3798,292.785784317_58.0375366424,FUV,7371
3820,56.1510838956_58.1304609749,FUV,8054
3981,353.837082932_70.8947065397,FUV,8179
3906,232.75797687_60.7862627629,FUV,20484
3808,295.272887874_59.085828427,FUV,7405
3991,109.441976408_65.2975118009,FUV,8269
3830,65.2303375034_70.3002453743,FUV,8750
4001,214.498779141_86.1212044975,FUV,8637
3818,353.188712607_72.8379400917,FUV,7823
3916,171.877664013_87.4407788914,FUV,15379
3840,72.0669836662_78.6695814824,FUV,7664
3926,18.7076478619_74.9960279985,FUV,13468
3850,29.2379709394_73.3828365104,FUV,9388
3936,274.222750569_85.3288172282,FUV,8246
3828,163.215873548_66.8060291268,FUV,127902
3838,340.579810745_82.0869910467,FUV,8662
3542,209.244723225_82.2314303275,FUV,8422
3552,275.466224424_79.8538727531,FUV,7847
3562,147.503254008_67.9528694165,FUV,129234
3572,146.263833968_83.8419121072,FUV,8118
3582,30.7404500843_84.2411910625,FUV,7965
3592,116.452510916_85.1862339808,FUV,19634
3602,55.4685018596_69.2054169684,FUV,7754
3612,172.705524138_83.59820953,FUV,17564
3622,190.08050279_72.1647452272,FUV,16049
3632,118.841598792_88.1747743145,FUV,24240
3642,77.208401099_53.8002215083,FUV,9816
3652,211.471206926_57.7032578136,FUV,7788
3662,351.445775242_73.0021235643,FUV,7707
3672,177.272657063_84.3266297447,FUV,19618
3682,89.8063944125_74.2122756575,FUV,8154
3692,185.541729532_67.0202872859,FUV,8280
3702,156.128306186_61.7198841723,FUV,8938
3712,226.088363432_80.9067639844,FUV,7989
3722,343.940396133_69.1986745059,FUV,7939
3732,258.818215712_66.0320902736,FUV,106471
3742,230.106512113_81.2640032405,FUV,8299
3752,90.2783364023_83.6043386344,FUV,14463
3762,166.247787672_69.9238019816,FUV,7899
3772,142.433378016_70.6213020661,FUV,98467
3782,90.4331460058_65.708642475,FUV,15859
3792,209.154266163_87.1071973001,FUV,8558
3802,314.909143166_75.3175099583,FUV,12421
3812,13.5301865349_85.2585217371,FUV,8451
3822,194.284510258_66.0632770963,FUV,8911
3832,217.031521514_74.2283410116,FUV,7839
3842,5.2447434348_78.5500477376,FUV,15989
3852,140.260325717_57.1361337238,FUV,9048
3862,305.179565053_73.8214899663,FUV,8533
3872,169.307612922_65.9899790633,FUV,8246
3882,154.368249449_60.1935730919,FUV,8190
3892,120.510483737_85.7840599426,FUV,19239
3902,312.170148_85.5497619718,FUV,8486
3912,150.658854314_63.8699633892,FUV,9215
3922,218.35596537_56.5379951583,FUV,7930
3932,339.663378208_68.2040009926,FUV,7756
3942,161.243609623_56.8546486236,FUV,125357
3952,286.735992167_86.1352480483,FUV,8469
3962,219.08355731_84.847122951,FUV,52446
3972,152.841567709_74.6251502595,FUV,7530
3982,149.796278143_72.9904371797,FUV,8183
3992,109.441976408_65.2975118009,FUV,13433
4002,86.4625441792_86.0418240147,FUV,18945
3848,77.475451174_61.1989749455,FUV,7976
3860,184.553908833_68.7142890094,FUV,127986
3870,216.72282185_79.5989011364,FUV,8725
3858,214.297121042_54.6704844267,FUV,70731
3880,78.8953700726_77.9595892688,FUV,7726
3868,129.282962013_54.145282142,FUV,15567
3878,96.8169808026_72.0472814841,FUV,20621
3890,120.510483737_85.7840599426,FUV,11278
3888,16.3793577746_78.1987594368,FUV,8603
3900,44.0140428828_67.2096376013,FUV,7701
3898,102.508635101_76.9563315907,FUV,7852
3910,94.1114571861_77.8832366147,FUV,8181
3908,73.771972481_56.5322529792,FUV,8003
3920,313.236851511_65.3857160658,FUV,10641
3918,302.342655671_55.01146754,FUV,7417
3930,84.1443696419_75.83200079,FUV,17349
3928,122.812856371_72.2636552506,FUV,8284
3938,91.5236476766_70.4236855188,FUV,15173
3940,161.243609623_56.8546486236,FUV,85324
3950,202.24305382_56.8630365424,FUV,8326
3960,207.712024732_78.4690675611,FUV,8127
3970,123.763717237_57.2876277302,FUV,7637
3980,353.837082932_70.8947065397,FUV,7993
3948,161.243609623_56.8546486236,FUV,125377
3990,226.066293713_66.9339733733,FUV,12574
3958,298.34382655_87.7964659373,FUV,21771
4000,214.498779141_86.1212044975,FUV,8952
3968,123.763717237_57.2876277302,FUV,8293
3978,344.947947017_87.1829538828,FUV,12099
3988,288.479053153_63.6410721031,FUV,7620
3998,296.805459887_59.1478916185,FUV,7436
3595,237.76478194_79.1397799847,FUV,8304
3605,111.964704439_78.131087019,FUV,10266
3629,89.3201270617_74.9320760878,FUV,126402
3615,72.8866928428_57.9509928559,FUV,8617
3639,106.135516633_64.3457492067,FUV,13528
3649,267.258034695_69.392990021,FUV,7559
3625,213.944707291_86.5526790813,FUV,41981
3659,86.9610302427_84.4466013743,FUV,14532
3635,234.362739351_81.0788095227,FUV,8372
3645,270.392330636_84.4526869177,FUV,8383
3655,280.188320424_57.4523232944,FUV,7923
3665,291.826477241_69.7506967434,FUV,7563
3675,93.3185252343_63.797496142,FUV,7552
3669,222.883067971_57.4751166055,FUV,112781
3685,180.862202123_84.0007804841,FUV,8643
3679,117.659046552_59.9098673333,FUV,8261
3695,77.207353608_80.657026918,FUV,8758
3705,260.31362388_87.6362524795,FUV,13019
3715,294.969018476_66.7987777947,FUV,8838
3689,266.179603445_56.3941405422,FUV,101951
3699,104.690215812_66.3580278989,FUV,12290
3709,216.772785769_60.000718502,FUV,8251
3719,17.782698468_75.2097521025,FUV,13468
3725,127.167266154_73.8333384657,FUV,125559
3735,173.575411977_58.7911019659,FUV,7771
3729,79.413869465_63.193738317,FUV,10225
3745,301.230737947_79.1418916876,FUV,8074
3755,291.137525347_77.0669690511,FUV,15106
3739,315.145390421_70.6497100755,FUV,11606
3765,210.488980682_59.4212537043,FUV,60825
3749,192.960926936_78.1889438638,FUV,8161
3759,106.536618679_58.9403260656,FUV,8775
3775,142.433378016_70.6213020661,FUV,128126
3785,236.073876445_85.2199656691,FUV,7865
3769,142.433378016_70.6213020661,FUV,128522
3795,233.808050864_85.0535978351,FUV,7865
3805,327.170891628_88.7135992636,FUV,7801
3815,222.854268501_74.4601993175,FUV,7931
3825,228.341070999_77.9684598834,FUV,8159
3835,261.345184506_73.0143958045,FUV,8159
3779,142.433378016_70.6213020661,FUV,128326
3845,5.2447434348_78.5500477376,FUV,20358
3789,87.4609652775_81.0613009615,FUV,8160
3799,223.085517139_72.2123562398,FUV,7901
3809,295.272887874_59.085828427,FUV,7427
3819,353.188712607_72.8379400917,FUV,8190
3855,214.297121042_54.6704844267,FUV,107889
3865,129.282962013_54.145282142,FUV,8389
3829,237.084494961_59.9104384486,FUV,6832
3839,72.0669836662_78.6695814824,FUV,8772
3875,4.83059180035_79.0375804687,FUV,9442
3849,276.272466387_65.3057582252,FUV,7450
3859,166.376914809_62.4274969916,FUV,10302
3885,126.964557811_86.8555242009,FUV,13904
3869,216.72282185_79.5989011364,FUV,8970
3879,78.8953700726_77.9595892688,FUV,8732
3895,191.585357468_86.47241905,FUV,17575
3889,16.3793577746_78.1987594368,FUV,8171
3905,232.75797687_60.7862627629,FUV,19546
3915,171.877664013_87.4407788914,FUV,7870
3899,44.0140428828_67.2096376013,FUV,7995
3925,114.947185347_57.4532851171,FUV,8309
3935,102.19230575_77.7959835381,FUV,7941
3945,161.243609623_56.8546486236,FUV,125129
3909,94.1114571861_77.8832366147,FUV,121259
3955,66.2859202233_85.726800888,FUV,123746
3919,313.236851511_65.3857160658,FUV,9631
3929,84.1443696419_75.83200079,FUV,18527
3965,191.852121251_80.2427744286,FUV,42396
3975,71.5133751914_73.6699142554,FUV,7715
3985,107.680444078_77.0214024441,FUV,8115
3939,161.243609623_56.8546486236,FUV,128431
3995,153.407080953_87.9084370735,FUV,10745
3949,161.243609623_56.8546486236,FUV,127651
3959,207.712024732_78.4690675611,FUV,8144
3969,123.763717237_57.2876277302,FUV,7699
3979,267.107124844_65.9094204595,FUV,8173
3989,186.163391509_56.9454941928,FUV,8641
3999,307.430069379_78.6473008489,FUV,7869
3773,142.433378016_70.6213020661,FUV,114622
3783,90.4331460058_65.708642475,FUV,14868
3793,209.154266163_87.1071973001,FUV,7877
3803,314.909143166_75.3175099583,FUV,15013
3813,134.099555906_54.4299858719,FUV,14091
3823,222.484076765_66.2301600978,FUV,13700
3833,217.031521514_74.2283410116,FUV,11651
3843,5.2447434348_78.5500477376,FUV,14401
3853,325.872995736_85.0059302703,FUV,7627
3863,305.179565053_73.8214899663,FUV,9019
3873,4.83059180035_79.0375804687,FUV,8269
3883,305.773596263_65.2816841406,FUV,7306
3893,120.510483737_85.7840599426,FUV,8696
3903,287.50331098_87.3499928695,FUV,7842
3913,150.658854314_63.8699633892,FUV,127566
3923,218.35596537_56.5379951583,FUV,109665
3933,141.143712815_69.0440237052,FUV,8249
3943,161.243609623_56.8546486236,FUV,125344
3953,161.102930037_65.5761170002,FUV,8990
3963,219.08355731_84.847122951,FUV,9948
3973,152.841567709_74.6251502595,FUV,7605
3983,184.635051332_61.8889769381,FUV,10190
3993,109.441976408_65.2975118009,FUV,13420
4003,86.4625441792_86.0418240147,FUV,16419
3934,102.19230575_77.7959835381,FUV,8175
3777,142.433378016_70.6213020661,FUV,128114
3787,1.27971376719_77.4302839128,FUV,8042
3797,188.706821245_67.7352304807,FUV,9666
3807,54.2483972094_71.2835240177,FUV,7833
3944,161.243609623_56.8546486236,FUV,125232
3817,70.901294009_61.2012016189,FUV,7505
3827,163.215873548_66.8060291268,FUV,9209
3837,246.351463859_88.8118670154,FUV,9231
3847,77.475451174_61.1989749455,FUV,8575
3954,161.102930037_65.5761170002,FUV,127823
3964,191.852121251_80.2427744286,FUV,41817
3857,214.297121042_54.6704844267,FUV,100289
3974,71.5133751914_73.6699142554,FUV,8402
3984,107.680444078_77.0214024441,FUV,8010
3994,151.333044769_75.098233214,FUV,7530
3867,129.282962013_54.145282142,FUV,15807
3877,290.5595646_69.4729068829,FUV,7563
3887,16.3793577746_78.1987594368,FUV,19782
3897,102.508635101_76.9563315907,FUV,8094
3907,73.771972481_56.5322529792,FUV,8609
3917,168.285561136_53.6434543972,FUV,8239
3927,235.872463401_75.1273810165,FUV,8511
3937,274.222750569_85.3288172282,FUV,8113
3947,161.243609623_56.8546486236,FUV,125094
3957,66.2859202233_85.726800888,FUV,127175
3967,66.4184176165_83.1165404352,FUV,120819
3977,215.564010447_70.149437545,FUV,8000
3987,288.479053153_63.6410721031,FUV,104010
3997,89.4327286789_70.0037387496,FUV,7911
3946,161.243609623_56.8546486236,FUV,125052
3956,66.2859202233_85.726800888,FUV,120482
3966,66.4184176165_83.1165404352,FUV,20268
3976,215.564010447_70.149437545,FUV,8156
3986,102.57557246_74.0130006123,FUV,9287
3996,89.4327286789_70.0037387496,FUV,8363
